new_val,geno,sig,type,new_se,new_n,t,p,padj,n,muts
2.1496352439940423,x0000,TRUE,AncDHCH2,NA,NA,NA,NA,NA,NA,NA
0.6124207752803333,0x000,TRUE,AncDHCH2,NA,NA,NA,NA,NA,NA,NA
1.4880415936740834,00x00,TRUE,AncDHCH2,NA,NA,NA,NA,NA,NA,NA
0.8072096536348728,000x0,TRUE,AncDHCH2,NA,NA,NA,NA,NA,NA,NA
0.41819194640324586,0000x,TRUE,AncDHCH2,NA,NA,NA,NA,NA,NA,NA
-0.5242086919307014,xx000,TRUE,AncDHCH2,NA,NA,NA,NA,NA,NA,NA
-1.1557597525378198,x0x00,TRUE,AncDHCH2,NA,NA,NA,NA,NA,NA,NA
-0.6676966323639912,x00x0,TRUE,AncDHCH2,NA,NA,NA,NA,NA,NA,NA
-0.28795277542831993,x000x,FALSE,AncDHCH2,NA,NA,NA,NA,NA,NA,NA
-0.8131978484196962,0xx00,TRUE,AncDHCH2,NA,NA,NA,NA,NA,NA,NA
-0.6222255534480191,0x0x0,TRUE,AncDHCH2,NA,NA,NA,NA,NA,NA,NA
-0.0645191074249953,0x00x,FALSE,AncDHCH2,NA,NA,NA,NA,NA,NA,NA
-1.1914312980086157,00xx0,TRUE,AncDHCH2,NA,NA,NA,NA,NA,NA,NA
-0.07251231638665052,00x0x,FALSE,AncDHCH2,NA,NA,NA,NA,NA,NA,NA
-0.6492571281459021,000xx,TRUE,AncDHCH2,NA,NA,NA,NA,NA,NA,NA
1.0720524770903648,xxx00,TRUE,AncDHCH2,NA,NA,NA,NA,NA,NA,NA
0.5077001212825234,xx0x0,TRUE,AncDHCH2,NA,NA,NA,NA,NA,NA,NA
0.8954343897132464,xx00x,TRUE,AncDHCH2,NA,NA,NA,NA,NA,NA,NA
1.3039636220154414,x0xx0,TRUE,AncDHCH2,NA,NA,NA,NA,NA,NA,NA
0.5744644297073496,x0x0x,FALSE,AncDHCH2,NA,NA,NA,NA,NA,NA,NA
0.9236020875055835,x00xx,TRUE,AncDHCH2,NA,NA,NA,NA,NA,NA,NA
0.4314764644488282,0xxx0,FALSE,AncDHCH2,NA,NA,NA,NA,NA,NA,NA
-0.19694735540679134,0xx0x,FALSE,AncDHCH2,NA,NA,NA,NA,NA,NA,NA
0.511548505798628,0x0xx,TRUE,AncDHCH2,NA,NA,NA,NA,NA,NA,NA
0.4195023640419095,00xxx,FALSE,AncDHCH2,NA,NA,NA,NA,NA,NA,NA
-0.7132330907821136,xxxx0,FALSE,AncDHCH2,NA,NA,NA,NA,NA,NA,NA
-0.8628396049200853,xxx0x,FALSE,AncDHCH2,NA,NA,NA,NA,NA,NA,NA
-1.0490760568360695,xx0xx,TRUE,AncDHCH2,NA,NA,NA,NA,NA,NA,NA
-1.08802856837973,x0xxx,TRUE,AncDHCH2,NA,NA,NA,NA,NA,NA,NA
-0.2826365177265661,0xxxx,FALSE,AncDHCH2,NA,NA,NA,NA,NA,NA,NA
1.36526565867007,xxxxx,TRUE,AncDHCH2,NA,NA,NA,NA,NA,NA,NA
1.707463304683976,x0000,TRUE,+282,NA,NA,NA,NA,NA,NA,NA
-0.0863303984424224,0x000,FALSE,+282,NA,NA,NA,NA,NA,NA,NA
1.4553567896375814,00x00,TRUE,+282,NA,NA,NA,NA,NA,NA,NA
1.144411939461211,000x0,TRUE,+282,NA,NA,NA,NA,NA,NA,NA
1.1682694367340631,0000x,TRUE,+282,NA,NA,NA,NA,NA,NA,NA
-0.111958654306839,xx000,FALSE,+282,NA,NA,NA,NA,NA,NA,NA
-1.0975984187163281,x0x00,TRUE,+282,NA,NA,NA,NA,NA,NA,NA
-0.9398690386714336,x00x0,TRUE,+282,NA,NA,NA,NA,NA,NA,NA
-0.24370120708589513,x000x,FALSE,+282,NA,NA,NA,NA,NA,NA,NA
-1.0040387485413422,0xx00,TRUE,+282,NA,NA,NA,NA,NA,NA,NA
-0.4504412990744053,0x0x0,TRUE,+282,NA,NA,NA,NA,NA,NA,NA
-0.6781598875837845,0x00x,TRUE,+282,NA,NA,NA,NA,NA,NA,NA
-1.8221099996325651,00xx0,TRUE,+282,NA,NA,NA,NA,NA,NA,NA
-1.7620924504100441,00x0x,TRUE,+282,NA,NA,NA,NA,NA,NA,NA
-1.061755191346003,000xx,TRUE,+282,NA,NA,NA,NA,NA,NA,NA
0.6755772500916816,xxx00,TRUE,+282,NA,NA,NA,NA,NA,NA,NA
0.4079445825744135,xx0x0,TRUE,+282,NA,NA,NA,NA,NA,NA,NA
1.3201862026592293,xx00x,TRUE,+282,NA,NA,NA,NA,NA,NA,NA
1.6288367695499117,x0xx0,TRUE,+282,NA,NA,NA,NA,NA,NA,NA
0.8793779564232617,x0x0x,TRUE,+282,NA,NA,NA,NA,NA,NA,NA
0.5827413336174668,x00xx,TRUE,+282,NA,NA,NA,NA,NA,NA,NA
0.8492104112410325,0xxx0,TRUE,+282,NA,NA,NA,NA,NA,NA,NA
1.277603981691441,0xx0x,TRUE,+282,NA,NA,NA,NA,NA,NA,NA
0.8275335711553197,0x0xx,TRUE,+282,NA,NA,NA,NA,NA,NA,NA
1.209133147359924,00xxx,TRUE,+282,NA,NA,NA,NA,NA,NA,NA
-1.3867606758860946,xxxx0,TRUE,+282,NA,NA,NA,NA,NA,NA,NA
-1.0126370557714923,xxx0x,TRUE,+282,NA,NA,NA,NA,NA,NA,NA
-0.6953529666323494,xx0xx,TRUE,+282,NA,NA,NA,NA,NA,NA,NA
-0.8534490059968242,x0xxx,TRUE,+282,NA,NA,NA,NA,NA,NA,NA
-1.0368401973165324,0xxxx,TRUE,+282,NA,NA,NA,NA,NA,NA,NA
0.6712073333034109,xxxxx,FALSE,+282,NA,NA,NA,NA,NA,NA,NA
1.8907087852273268,x0000,TRUE,+297,NA,NA,NA,NA,NA,NA,NA
-0.029475520999115545,0x000,FALSE,+297,NA,NA,NA,NA,NA,NA,NA
0.8911888001598148,00x00,TRUE,+297,NA,NA,NA,NA,NA,NA,NA
0.7413086483421919,000x0,TRUE,+297,NA,NA,NA,NA,NA,NA,NA
1.2191671094601848,0000x,TRUE,+297,NA,NA,NA,NA,NA,NA,NA
0.045820910988349096,xx000,FALSE,+297,NA,NA,NA,NA,NA,NA,NA
-0.20575018982246926,x0x00,FALSE,+297,NA,NA,NA,NA,NA,NA,NA
0.015697523401912477,x00x0,FALSE,+297,NA,NA,NA,NA,NA,NA,NA
-0.5125068133367517,x000x,TRUE,+297,NA,NA,NA,NA,NA,NA,NA
0.2036130743533964,0xx00,FALSE,+297,NA,NA,NA,NA,NA,NA,NA
-0.06287167993584393,0x0x0,FALSE,+297,NA,NA,NA,NA,NA,NA,NA
-0.6559023900404705,0x00x,TRUE,+297,NA,NA,NA,NA,NA,NA,NA
-0.7482908386855953,00xx0,TRUE,+297,NA,NA,NA,NA,NA,NA,NA
-1.1650096727322439,00x0x,FALSE,+297,NA,NA,NA,NA,NA,NA,NA
-0.8905714238901362,000xx,TRUE,+297,NA,NA,NA,NA,NA,NA,NA
-0.39322972515887383,xxx00,FALSE,+297,NA,NA,NA,NA,NA,NA,NA
-0.6668559376662851,xx0x0,TRUE,+297,NA,NA,NA,NA,NA,NA,NA
1.2169055246054599,xx00x,FALSE,+297,NA,NA,NA,NA,NA,NA,NA
-0.5245621872227823,x0xx0,FALSE,+297,NA,NA,NA,NA,NA,NA,NA
0.6001479936122663,x0x0x,FALSE,+297,NA,NA,NA,NA,NA,NA,NA
-0.07391521702109231,x00xx,FALSE,+297,NA,NA,NA,NA,NA,NA,NA
-0.032047474349198,0xxx0,FALSE,+297,NA,NA,NA,NA,NA,NA,NA
0.4617361754287462,0xx0x,FALSE,+297,NA,NA,NA,NA,NA,NA,NA
0.542960049071128,0x0xx,FALSE,+297,NA,NA,NA,NA,NA,NA,NA
1.1050079207295525,00xxx,FALSE,+297,NA,NA,NA,NA,NA,NA,NA
1.2294797080649487,xxxx0,FALSE,+297,NA,NA,NA,NA,NA,NA,NA
-0.910738990681954,xxx0x,FALSE,+297,NA,NA,NA,NA,NA,NA,NA
0.0805257520668549,xx0xx,FALSE,+297,NA,NA,NA,NA,NA,NA,NA
0.30238201386499747,x0xxx,FALSE,+297,NA,NA,NA,NA,NA,NA,NA
-0.7010032893110448,0xxxx,FALSE,+297,NA,NA,NA,NA,NA,NA,NA
-0.09824483469852445,xxxxx,FALSE,+297,NA,NA,NA,NA,NA,NA,NA
2.8592995501980263,x0000,TRUE,+300,NA,NA,NA,NA,NA,NA,NA
1.1719868977397145,0x000,TRUE,+300,NA,NA,NA,NA,NA,NA,NA
2.5027911722686182,00x00,TRUE,+300,NA,NA,NA,NA,NA,NA,NA
0.7032150773763686,000x0,TRUE,+300,NA,NA,NA,NA,NA,NA,NA
1.5699498453736282,0000x,TRUE,+300,NA,NA,NA,NA,NA,NA,NA
-1.1728575352788206,xx000,TRUE,+300,NA,NA,NA,NA,NA,NA,NA
-1.9339004061785434,x0x00,TRUE,+300,NA,NA,NA,NA,NA,NA,NA
-1.1022166138089282,x00x0,TRUE,+300,NA,NA,NA,NA,NA,NA,NA
-1.2474126820443512,x000x,TRUE,+300,NA,NA,NA,NA,NA,NA,NA
-1.6859862526793572,0xx00,TRUE,+300,NA,NA,NA,NA,NA,NA,NA
-0.6055527347033655,0x0x0,TRUE,+300,NA,NA,NA,NA,NA,NA,NA
-1.1368381383955826,0x00x,TRUE,+300,NA,NA,NA,NA,NA,NA,NA
-1.239826562134579,00xx0,TRUE,+300,NA,NA,NA,NA,NA,NA,NA
-1.425032678238259,00x0x,TRUE,+300,NA,NA,NA,NA,NA,NA,NA
-0.11548354017129621,000xx,FALSE,+300,NA,NA,NA,NA,NA,NA,NA
0.7998573918703714,xxx00,TRUE,+300,NA,NA,NA,NA,NA,NA,NA
0.8973506055474355,xx0x0,TRUE,+300,NA,NA,NA,NA,NA,NA,NA
1.6952000446953146,xx00x,TRUE,+300,NA,NA,NA,NA,NA,NA,NA
1.2396089726118122,x0xx0,TRUE,+300,NA,NA,NA,NA,NA,NA,NA
0.9439408293148567,x0x0x,TRUE,+300,NA,NA,NA,NA,NA,NA,NA
0.14953880895652935,x00xx,FALSE,+300,NA,NA,NA,NA,NA,NA,NA
0.8464693164014528,0xxx0,TRUE,+300,NA,NA,NA,NA,NA,NA,NA
0.8124885774141125,0xx0x,TRUE,+300,NA,NA,NA,NA,NA,NA,NA
0.15147726078155918,0x0xx,FALSE,+300,NA,NA,NA,NA,NA,NA,NA
0.19887877577328913,00xxx,FALSE,+300,NA,NA,NA,NA,NA,NA,NA
-0.5769698637444195,xxxx0,FALSE,+300,NA,NA,NA,NA,NA,NA,NA
-0.8999909829069116,xxx0x,TRUE,+300,NA,NA,NA,NA,NA,NA,NA
-0.5754914996082098,xx0xx,FALSE,+300,NA,NA,NA,NA,NA,NA,NA
0.4167515333374527,x0xxx,FALSE,+300,NA,NA,NA,NA,NA,NA,NA
-0.17443418955451082,0xxxx,FALSE,+300,NA,NA,NA,NA,NA,NA,NA
0.29083964559341463,xxxxx,FALSE,+300,NA,NA,NA,NA,NA,NA,NA
1.309448395282395,x0000,TRUE,+282|297,NA,NA,NA,NA,NA,NA,NA
-0.21313721714475342,0x000,TRUE,+282|297,NA,NA,NA,NA,NA,NA,NA
-0.31537252211882755,00x00,TRUE,+282|297,NA,NA,NA,NA,NA,NA,NA
1.1163927961845466,000x0,TRUE,+282|297,NA,NA,NA,NA,NA,NA,NA
0.8628820401650277,0000x,TRUE,+282|297,NA,NA,NA,NA,NA,NA,NA
0.6187743309271755,xx000,TRUE,+282|297,NA,NA,NA,NA,NA,NA,NA
0.7230514072427231,x0x00,TRUE,+282|297,NA,NA,NA,NA,NA,NA,NA
-0.4783546443755237,x00x0,TRUE,+282|297,NA,NA,NA,NA,NA,NA,NA
0.5482305913472322,x000x,TRUE,+282|297,NA,NA,NA,NA,NA,NA,NA
0.36164191505499405,0xx00,TRUE,+282|297,NA,NA,NA,NA,NA,NA,NA
-0.2494513147459946,0x0x0,FALSE,+282|297,NA,NA,NA,NA,NA,NA,NA
-0.21638317665511178,0x00x,TRUE,+282|297,NA,NA,NA,NA,NA,NA,NA
-0.7260449182129681,00xx0,TRUE,+282|297,NA,NA,NA,NA,NA,NA,NA
0.2540709575975247,00x0x,TRUE,+282|297,NA,NA,NA,NA,NA,NA,NA
-0.5087850601810596,000xx,TRUE,+282|297,NA,NA,NA,NA,NA,NA,NA
-1.2319865831904255,xxx00,TRUE,+282|297,NA,NA,NA,NA,NA,NA,NA
-0.46417881811065503,xx0x0,TRUE,+282|297,NA,NA,NA,NA,NA,NA,NA
0.2496882827336259,xx00x,TRUE,+282|297,NA,NA,NA,NA,NA,NA,NA
0.06649763537730873,x0xx0,FALSE,+282|297,NA,NA,NA,NA,NA,NA,NA
-1.3957004503677382,x0x0x,TRUE,+282|297,NA,NA,NA,NA,NA,NA,NA
-0.6227646647213544,x00xx,TRUE,+282|297,NA,NA,NA,NA,NA,NA,NA
0.8585292216776637,0xxx0,TRUE,+282|297,NA,NA,NA,NA,NA,NA,NA
-0.5882236603529344,0xx0x,TRUE,+282|297,NA,NA,NA,NA,NA,NA,NA
0.05891244496594964,0x0xx,FALSE,+282|297,NA,NA,NA,NA,NA,NA,NA
0.29737711403168293,00xxx,FALSE,+282|297,NA,NA,NA,NA,NA,NA,NA
-0.8538391840661524,xxxx0,TRUE,+282|297,NA,NA,NA,NA,NA,NA,NA
1.2710916740800775,xxx0x,TRUE,+282|297,NA,NA,NA,NA,NA,NA,NA
0.8922867312363721,xx0xx,TRUE,+282|297,NA,NA,NA,NA,NA,NA,NA
0.6299376848930892,x0xxx,FALSE,+282|297,NA,NA,NA,NA,NA,NA,NA
-0.9506705556278651,0xxxx,TRUE,+282|297,NA,NA,NA,NA,NA,NA,NA
0.6659268681576186,xxxxx,FALSE,+282|297,NA,NA,NA,NA,NA,NA,NA
1.4218676442208547,x0000,TRUE,+282|300,NA,NA,NA,NA,NA,NA,NA
-0.6612737306632954,0x000,TRUE,+282|300,NA,NA,NA,NA,NA,NA,NA
-0.11572034814186338,00x00,FALSE,+282|300,NA,NA,NA,NA,NA,NA,NA
0.23212018947683966,000x0,FALSE,+282|300,NA,NA,NA,NA,NA,NA,NA
0.8220732213875437,0000x,TRUE,+282|300,NA,NA,NA,NA,NA,NA,NA
0.30327559230511153,xx000,FALSE,+282|300,NA,NA,NA,NA,NA,NA,NA
-1.4381951077098687,x0x00,TRUE,+282|300,NA,NA,NA,NA,NA,NA,NA
-0.3539573317632349,x00x0,FALSE,+282|300,NA,NA,NA,NA,NA,NA,NA
-0.9293257813472192,x000x,TRUE,+282|300,NA,NA,NA,NA,NA,NA,NA
-0.18885589058559063,0xx00,FALSE,+282|300,NA,NA,NA,NA,NA,NA,NA
0.17064276470886122,0x0x0,FALSE,+282|300,NA,NA,NA,NA,NA,NA,NA
-0.1894634835829898,0x00x,FALSE,+282|300,NA,NA,NA,NA,NA,NA,NA
-0.037522434172986514,00xx0,FALSE,+282|300,NA,NA,NA,NA,NA,NA,NA
-0.8939635842107443,00x0x,TRUE,+282|300,NA,NA,NA,NA,NA,NA,NA
-0.0813199025731635,000xx,FALSE,+282|300,NA,NA,NA,NA,NA,NA,NA
0.059698672213928584,xxx00,FALSE,+282|300,NA,NA,NA,NA,NA,NA,NA
-0.37638612350038786,xx0x0,FALSE,+282|300,NA,NA,NA,NA,NA,NA,NA
-0.020651069056285404,xx00x,FALSE,+282|300,NA,NA,NA,NA,NA,NA,NA
-0.18036142247593742,x0xx0,FALSE,+282|300,NA,NA,NA,NA,NA,NA,NA
0.5772936377905761,x0x0x,FALSE,+282|300,NA,NA,NA,NA,NA,NA,NA
-0.2157359710040144,x00xx,FALSE,+282|300,NA,NA,NA,NA,NA,NA,NA
-0.3936424884820215,0xxx0,FALSE,+282|300,NA,NA,NA,NA,NA,NA,NA
0.24879687262772857,0xx0x,FALSE,+282|300,NA,NA,NA,NA,NA,NA,NA
0.06744041449999365,0x0xx,FALSE,+282|300,NA,NA,NA,NA,NA,NA,NA
-0.2010046139985113,00xxx,FALSE,+282|300,NA,NA,NA,NA,NA,NA,NA
2.9789067329512964,xxxx0,TRUE,+282|300,NA,NA,NA,NA,NA,NA,NA
1.0105714068575595,xxx0x,FALSE,+282|300,NA,NA,NA,NA,NA,NA,NA
0.9554051863736656,xx0xx,FALSE,+282|300,NA,NA,NA,NA,NA,NA,NA
0.954700553854316,x0xxx,FALSE,+282|300,NA,NA,NA,NA,NA,NA,NA
-0.09739633046702383,0xxxx,FALSE,+282|300,NA,NA,NA,NA,NA,NA,NA
-3.4363334447902925,xxxxx,TRUE,+282|300,NA,NA,NA,NA,NA,NA,NA
1.743591794288187,x0000,TRUE,+297|300,NA,NA,NA,NA,NA,NA,NA
0.15576988891768787,0x000,FALSE,+297|300,NA,NA,NA,NA,NA,NA,NA
1.2580438343572473,00x00,TRUE,+297|300,NA,NA,NA,NA,NA,NA,NA
0.04716424696175103,000x0,FALSE,+297|300,NA,NA,NA,NA,NA,NA,NA
0.5836516914693366,0000x,TRUE,+297|300,NA,NA,NA,NA,NA,NA,NA
-0.15680387039346466,xx000,FALSE,+297|300,NA,NA,NA,NA,NA,NA,NA
-1.1306225564848795,x0x00,TRUE,+297|300,NA,NA,NA,NA,NA,NA,NA
-0.18411916391203254,x00x0,FALSE,+297|300,NA,NA,NA,NA,NA,NA,NA
-0.6314688208194086,x000x,TRUE,+297|300,NA,NA,NA,NA,NA,NA,NA
-0.9612873204029684,0xx00,TRUE,+297|300,NA,NA,NA,NA,NA,NA,NA
0.04524524911397462,0x0x0,FALSE,+297|300,NA,NA,NA,NA,NA,NA,NA
-0.1575528172433689,0x00x,FALSE,+297|300,NA,NA,NA,NA,NA,NA,NA
-0.43355898442980156,00xx0,TRUE,+297|300,NA,NA,NA,NA,NA,NA,NA
-0.46580154167109655,00x0x,TRUE,+297|300,NA,NA,NA,NA,NA,NA,NA
0.4937739256416478,000xx,TRUE,+297|300,NA,NA,NA,NA,NA,NA,NA
-0.14869942162648497,xxx00,FALSE,+297|300,NA,NA,NA,NA,NA,NA,NA
-0.12354946730131555,xx0x0,FALSE,+297|300,NA,NA,NA,NA,NA,NA,NA
0.7743284257926244,xx00x,TRUE,+297|300,NA,NA,NA,NA,NA,NA,NA
0.2066039091755747,x0xx0,FALSE,+297|300,NA,NA,NA,NA,NA,NA,NA
-0.13268982358722026,x0x0x,FALSE,+297|300,NA,NA,NA,NA,NA,NA,NA
-0.7752570846357649,x00xx,TRUE,+297|300,NA,NA,NA,NA,NA,NA,NA
0.6317111984923173,0xxx0,FALSE,+297|300,NA,NA,NA,NA,NA,NA,NA
-0.1933482740452548,0xx0x,FALSE,+297|300,NA,NA,NA,NA,NA,NA,NA
-0.5834226505854859,0x0xx,FALSE,+297|300,NA,NA,NA,NA,NA,NA,NA
-2.8448407723378466,00xxx,TRUE,+297|300,NA,NA,NA,NA,NA,NA,NA
-0.151422178002814,xxxx0,FALSE,+297|300,NA,NA,NA,NA,NA,NA,NA
0.7599311414966445,xxx0x,FALSE,+297|300,NA,NA,NA,NA,NA,NA,NA
0.6484744512585374,xx0xx,FALSE,+297|300,NA,NA,NA,NA,NA,NA,NA
4.280000759361272,x0xxx,TRUE,+297|300,NA,NA,NA,NA,NA,NA,NA
3.1070170783107365,0xxxx,TRUE,+297|300,NA,NA,NA,NA,NA,NA,NA
-4.1481110716254594,xxxxx,TRUE,+297|300,NA,NA,NA,NA,NA,NA,NA
1.3545780823427016,x0000,TRUE,+282|297|300,NA,NA,NA,NA,NA,NA,NA
-0.5858499064652575,0x000,TRUE,+282|297|300,NA,NA,NA,NA,NA,NA,NA
-0.3466068753353403,00x00,FALSE,+282|297|300,NA,NA,NA,NA,NA,NA,NA
0.24559370724335908,000x0,FALSE,+282|297|300,NA,NA,NA,NA,NA,NA,NA
0.8497788500418899,0000x,TRUE,+282|297|300,NA,NA,NA,NA,NA,NA,NA
0.1428140350228891,xx000,FALSE,+282|297|300,NA,NA,NA,NA,NA,NA,NA
-1.4882655451620372,x0x00,TRUE,+282|297|300,NA,NA,NA,NA,NA,NA,NA
-0.5238002115280888,x00x0,FALSE,+282|297|300,NA,NA,NA,NA,NA,NA,NA
-2.6378601748402764,x000x,TRUE,+282|297|300,NA,NA,NA,NA,NA,NA,NA
0.21909483972694996,0xx00,FALSE,+282|297|300,NA,NA,NA,NA,NA,NA,NA
-0.7899533411089478,0x0x0,TRUE,+282|297|300,NA,NA,NA,NA,NA,NA,NA
-0.18792986903327188,0x00x,FALSE,+282|297|300,NA,NA,NA,NA,NA,NA,NA
-0.2165512287601832,00xx0,FALSE,+282|297|300,NA,NA,NA,NA,NA,NA,NA
-1.031919847626111,00x0x,TRUE,+282|297|300,NA,NA,NA,NA,NA,NA,NA
-0.1897980430230173,000xx,FALSE,+282|297|300,NA,NA,NA,NA,NA,NA,NA
0.24872514504110002,xxx00,FALSE,+282|297|300,NA,NA,NA,NA,NA,NA,NA
-0.05278826814312406,xx0x0,FALSE,+282|297|300,NA,NA,NA,NA,NA,NA,NA
1.9188024762256508,xx00x,TRUE,+282|297|300,NA,NA,NA,NA,NA,NA,NA
-0.00213036838821642,x0xx0,FALSE,+282|297|300,NA,NA,NA,NA,NA,NA,NA
2.6458906433925393,x0x0x,TRUE,+282|297|300,NA,NA,NA,NA,NA,NA,NA
0.2593529205533513,x00xx,FALSE,+282|297|300,NA,NA,NA,NA,NA,NA,NA
0.37461784556773575,0xxx0,FALSE,+282|297|300,NA,NA,NA,NA,NA,NA,NA
0.26135959166689265,0xx0x,FALSE,+282|297|300,NA,NA,NA,NA,NA,NA,NA
1.061306774983128,0x0xx,TRUE,+282|297|300,NA,NA,NA,NA,NA,NA,NA
0.12421029502784334,00xxx,FALSE,+282|297|300,NA,NA,NA,NA,NA,NA,NA
0.6726629866689907,xxxx0,FALSE,+282|297|300,NA,NA,NA,NA,NA,NA,NA
-1.8794140461925106,xxx0x,TRUE,+282|297|300,NA,NA,NA,NA,NA,NA,NA
-0.8544122588807629,xx0xx,FALSE,+282|297|300,NA,NA,NA,NA,NA,NA,NA
0.36676618165006475,x0xxx,FALSE,+282|297|300,NA,NA,NA,NA,NA,NA,NA
-0.8179564745794617,0xxxx,FALSE,+282|297|300,NA,NA,NA,NA,NA,NA,NA
0.8078861432777643,xxxxx,FALSE,+282|297|300,NA,NA,NA,NA,NA,NA,NA
-0.29128479263038903,0xxxx,FALSE,AncDHCH5,0.2158590261526377,3.0967741935483875,-1.3494214155511683,0.30442301377263475,0.3774845370780671,31,4
0.21609030271505633,x0xxx,FALSE,AncDHCH5,0.29287044067022405,3.0967741935483875,0.7378358233099285,0.5343407150925351,0.5521520722622864,31,4
-0.2429460940992544,xx0xx,FALSE,AncDHCH5,0.2716842084121196,3.0967741935483875,-0.8942223602879703,0.4617935775778512,0.4936414105142547,31,4
-0.912390089938928,xxx0x,FALSE,AncDHCH5,0.23002278113279725,3.0967741935483875,-3.966520556988592,0.0537159156894391,0.11894238474090087,31,4
-0.5970258128296821,xxxx0,FALSE,AncDHCH5,0.27081817299712624,3,-2.204526403167255,0.1583040224277507,0.2547955093255,31,4
0.3838376658594968,00xxx,FALSE,AncDHCH5,0.17299271278949233,3.2,2.2188082935410867,0.14508812640397406,0.24987399547351088,31,3
0.01615712237960391,0x0xx,FALSE,AncDHCH5,0.15100251542969223,3.2,0.10699902802034297,0.9237600268541555,0.9237600268541555,31,3
0.591162245998066,0xx0x,FALSE,AncDHCH5,0.14487869704993944,3.2,4.08039455099664,0.04683027080655195,0.11894238474090087,31,3
0.3063661987622131,0xxx0,FALSE,AncDHCH5,0.1991463748645026,3.2,1.5383970658299049,0.2527177348290196,0.3406195556391134,31,3
0.27439954982329623,x00xx,FALSE,AncDHCH5,0.22553467885706385,3.2,1.2166623386428357,0.33810285952210073,0.38819217204389345,31,3
1.1372829015137862,x0x0x,FALSE,AncDHCH5,0.15493769906975535,3.2,7.340259396789956,0.013813527005959171,0.050788761035216914,31,3
0.5557362517779995,x0xx0,FALSE,AncDHCH5,0.23529117483586628,3.2,2.361908610323648,0.13053711024447426,0.2380382598575707,31,3
0.6882612317566216,xx00x,FALSE,AncDHCH5,0.18048625521274145,3.2,3.8133719985788352,0.05358250030531453,0.11894238474090087,31,3
0.25714793485989434,xx0x0,FALSE,AncDHCH5,0.18669606143645312,3.2,1.3773613266470615,0.29177474184734675,0.37687570821948957,31,3
1.6017550240130818,xxx00,TRUE,AncDHCH5,0.15534309062377877,3.2,10.311079930116293,0.006648579286539881,0.041221191576547266,31,3
-0.22265994717295148,000xx,FALSE,AncDHCH5,0.11662193096334836,3.428571428571429,-1.9092459311356154,0.17349009743049673,0.2547955093255,31,2
-1.1317175893174225,00x0x,TRUE,AncDHCH5,0.11535969321619104,3.428571428571429,-9.810338063196088,0.005188077814391981,0.04020760306153785,31,2
-0.802039865031492,00xx0,FALSE,AncDHCH5,0.16694935104738504,3.428571428571429,-4.804090941352926,0.027367276344195193,0.0848385566670051,31,2
-0.4143158910311379,0x00x,FALSE,AncDHCH5,0.12733565064469682,3.428571428571429,-3.2537305062130537,0.0637204157761866,0.13168885927078566,31,2
0.1543044673955434,0x0x0,FALSE,AncDHCH5,0.1378037741247757,3.428571428571429,1.1197405033031025,0.36125981910052823,0.39996622828987055,31,2
-0.8474818804704567,0xx00,FALSE,AncDHCH5,0.13460598301382123,3.428571428571429,-6.296019400441049,0.014745124171514587,0.050788761035216914,31,2
-1.054099539517359,x000x,TRUE,AncDHCH5,0.13903138472907003,3.428571428571429,-7.581738048365691,0.009551348357580501,0.049348633180832595,31,2
-0.38778298342482403,x00x0,FALSE,AncDHCH5,0.1573916965846531,3.428571428571429,-2.4638083954845422,0.1105346161217518,0.21416081873589413,31,2
-1.952930480775455,x0x00,TRUE,AncDHCH5,0.1291644728019568,3.428571428571429,-15.119718591425773,0.0018392600475652238,0.025959038327012282,31,2
-0.8599778608399506,xx000,FALSE,AncDHCH5,0.12793821224970162,3.428571428571429,-6.721821774103744,0.012663079965257815,0.050788761035216914,31,2
1.0547407829524138,0000x,TRUE,AncDHCH5,0.11162236240529326,4,9.449188856285994,0.002512164999388285,0.025959038327012282,31,1
0.19484817701933968,000x0,FALSE,AncDHCH5,0.11218906076299945,4,1.73678410082208,0.18082261952132256,0.2547955093255,31,1
0.12945131564718465,00x00,FALSE,AncDHCH5,0.11166725363519286,4,1.159259419687089,0.3302390802660855,0.38819217204389345,31,1
-0.4297763085754219,0x000,FALSE,AncDHCH5,0.12289955956398584,4,-3.4969719183709946,0.039567300464842664,0.1115078467645566,31,1
1.3870390582946426,x0000,TRUE,AncDHCH5,0.11319268667542148,4,12.253786874694109,0.0011704269441114368,0.025959038327012282,31,1
0.7439320087683313,xxxxx,FALSE,AncDHCH5,0.3711164462956598,3.037974683544304,2.0045783909443293,0.18050163024069624,0.2547955093255,31,5
