p72,p193,p258,p271,p273,p282,p297,p300,exp1,exp2,exp3,exp4,exp5,exp6,exp7,exp8,exp9,exp10,exp11,exp12,exp13,exp14,exp15,exp16,exp17,exp18,exp19,exp20,exp21,exp22,exp23
0,0,0,0,0,0,0,0,3.24E-10,2.66E-10,3.58E-10,4.84E-10,5.91E-10,6.97E-10,3.93E-10,4.01E-10,3.43E-10,5.35E-10,6.68E-10,7.19E-10,1.27E-10,1.13E-10,1.55E-10,,,,,,,,
1,0,0,0,0,0,0,0,4.99E-08,5.06E-08,5.04E-08,,,,,,,,,,,,,,,,,,,,
0,1,0,0,0,0,0,0,1.47E-09,1.45E-09,1.46E-09,,,,,,,,,,,,,,,,,,,,
0,0,1,0,0,0,0,0,1.27E-08,1.38E-08,7.52E-09,,,,,,,,,,,,,,,,,,,,
0,0,0,1,0,0,0,0,2.03E-09,2.23E-09,2.64E-09,,,,,,,,,,,,,,,,,,,,
0,0,0,0,1,0,0,0,1.04E-09,9.17E-10,8.53E-10,,,,,,,,,,,,,,,,,,,,
1,1,0,0,0,0,0,0,6.20E-08,5.79E-08,6.52E-08,,,,,,,,,,,,,,,,,,,,
1,0,1,0,0,0,0,0,7.05E-08,1.60E-07,1.12E-07,,,,,,,,,,,,,,,,,,,,
1,0,0,1,0,0,0,0,7.19E-08,7.72E-08,6.01E-08,,,,,,,,,,,,,,,,,,,,
1,0,0,0,1,0,0,0,6.71E-08,7.57E-08,6.16E-08,,,,,,,,,,,,,,,,,,,,
0,1,1,0,0,0,0,0,6.39E-09,5.79E-09,8.90E-09,,,,,,,,,,,,,,,,,,,,
0,1,0,1,0,0,0,0,1.87E-09,2.37E-09,2.52E-09,,,,,,,,,,,,,,,,,,,,
0,1,0,0,1,0,0,0,3.05E-09,3.28E-09,3.58E-09,,,,,,,,,,,,,,,,,,,,
0,0,1,1,0,0,0,0,3.96E-09,4.25E-09,5.51E-09,,,,,,,,,,,,,,,,,,,,
0,0,1,0,1,0,0,0,2.72E-08,2.72E-08,1.94E-08,,,,,,,,,,,,,,,,,,,,
0,0,0,1,1,0,0,0,1.57E-09,1.33E-09,1.16E-09,,,,,,,,,,,,,,,,,,,,
1,1,1,0,0,0,0,0,2.20E-07,2.87E-07,2.20E-07,,,,,,,,,,,,,,,,,,,,
1,1,0,1,0,0,0,0,6.42E-08,6.91E-08,6.27E-08,,,,,,,,,,,,,,,,,,,,
1,1,0,0,1,0,0,0,0.000000603,5.60E-07,5.30E-07,,,,,,,,,,,,,,,,,,,,
1,0,1,1,0,0,0,0,2.28E-07,1.87E-07,1.69E-07,,,,,,,,,,,,,,,,,,,,
1,0,1,0,1,0,0,0,5.88E-07,4.14E-07,4.09E-07,,,,,,,,,,,,,,,,,,,,
1,0,0,1,1,0,0,0,1.86E-07,1.80E-07,0.000000163,,,,,,,,,,,,,,,,,,,,
0,1,1,1,0,0,0,0,1.64E-09,1.93E-09,1.96E-09,,,,,,,,,,,,,,,,,,,,
0,1,1,0,1,0,0,0,8.62E-09,7.74E-09,8.83E-09,,,,,,,,,,,,,,,,,,,,
0,1,0,1,1,0,0,0,3.24E-09,3.39E-09,4.52E-09,,,,,,,,,,,,,,,,,,,,
0,0,1,1,1,0,0,0,5.70E-09,6.28E-09,5.77E-09,,,,,,,,,,,,,,,,,,,,
1,1,1,1,0,0,0,0,1.61E-07,1.81E-07,1.76E-07,,,,,,,,,,,,,,,,,,,,
1,1,1,0,1,0,0,0,5.32E-07,6.11E-07,6.93E-07,,,,,,,,,,,,,,,,,,,,
1,1,0,1,1,0,0,0,3.10E-07,3.47E-07,3.21E-07,,,,,,,,,,,,,,,,,,,,
1,0,1,1,1,0,0,0,3.59E-07,3.51E-07,2.96E-07,,,,,,,,,,,,,,,,,,,,
0,1,1,1,1,0,0,0,1.83E-09,2.25E-09,2.68E-09,,,,,,,,,,,,,,,,,,,,
1,1,1,1,1,0,0,0,5.74E-07,5.91E-07,5.59E-07,7.98E-07,8.43E-07,8.70E-07,6.70E-07,8.31E-07,6.64E-07,0.000000558,5.78E-07,9.01E-07,9.62E-07,8.62E-07,4.19E-07,1.81E-07,3.72E-07,,,,,,
0,0,0,0,0,1,0,0,2.78E-10,3.60E-10,3.53E-10,,,,,,,,,,,,,,,,,,,,
1,0,0,0,0,1,0,0,1.99E-08,1.48E-08,1.59E-08,,,,,,,,,,,,,,,,,,,,
0,1,0,0,0,1,0,0,2.33E-10,2.87E-10,2.91E-10,,,,,,,,,,,,,,,,,,,,
0,0,1,0,0,1,0,0,8.95E-09,9.17E-09,1.00E-08,,,,,,,,,,,,,,,,,,,,
0,0,0,1,0,1,0,0,4.92E-09,4.56E-09,4.27E-09,,,,,,,,,,,,,,,,,,,,
0,0,0,0,1,1,0,0,4.69E-09,4.76E-09,5.06E-09,,,,,,,,,,,,,,,,,,,,
1,1,0,0,0,1,0,0,1.08E-08,1.07E-08,1.03E-08,,,,,,,,,,,,,,,,,,,,
1,0,1,0,0,1,0,0,4.62E-08,3.55E-08,3.38E-08,,,,,,,,,,,,,,,,,,,,
1,0,0,1,0,1,0,0,3.17E-08,2.65E-08,2.29E-08,,,,,,,,,,,,,,,,,,,,
1,0,0,0,1,1,0,0,1.37E-07,1.40E-07,1.45E-07,,,,,,,,,,,,,,,,,,,,
0,1,1,0,0,1,0,0,7.42E-10,6.62E-10,8.95E-10,,,,,,,,,,,,,,,,,,,,
0,1,0,1,0,1,0,0,1.32E-09,1.38E-09,1.29E-09,,,,,,,,,,,,,,,,,,,,
0,1,0,0,1,1,0,0,7.78E-10,8.64E-10,8.55E-10,,,,,,,,,,,,,,,,,,,,
0,0,1,1,0,1,0,0,1.77E-09,2.17E-09,1.98E-09,,,,,,,,,,,,,,,,,,,,
0,0,1,0,1,1,0,0,2.31E-09,2.36E-09,2.49E-09,,,,,,,,,,,,,,,,,,,,
0,0,0,1,1,1,0,0,5.40E-09,6.12E-09,6.05E-09,,,,,,,,,,,,,,,,,,,,
1,1,1,0,0,1,0,0,1.52E-08,1.07E-08,8.96E-09,,,,,,,,,,,,,,,,,,,,
1,1,0,1,0,1,0,0,1.64E-08,1.71E-08,1.30E-08,,,,,,,,,,,,,,,,,,,,
1,1,0,0,1,1,0,0,0.000000375,3.75E-07,4.24E-07,,,,,,,,,,,,,,,,,,,,
1,0,1,1,0,1,0,0,5.07E-08,3.56E-08,3.32E-08,,,,,,,,,,,,,,,,,,,,
1,0,1,0,1,1,0,0,3.97E-08,3.44E-08,5.42E-08,,,,,,,,,,,,,,,,,,,,
1,0,0,1,1,1,0,0,7.66E-08,8.44E-08,6.46E-08,,,,,,,,,,,,,,,,,,,,
0,1,1,1,0,1,0,0,3.64E-10,3.84E-10,4.58E-10,,,,,,,,,,,,,,,,,,,,
0,1,1,0,1,1,0,0,8.22E-10,7.82E-10,7.11E-10,,,,,,,,,,,,,,,,,,,,
0,1,0,1,1,1,0,0,2.17E-09,2.43E-09,2.61E-09,,,,,,,,,,,,,,,,,,,,
0,0,1,1,1,1,0,0,,8.18E-10,6.05E-10,,,,,,,,,,,,,,,,,,,,
1,1,1,1,0,1,0,0,2.72E-09,3.01E-09,3.50E-09,,,,,,,,,,,,,,,,,,,,
1,1,1,0,1,1,0,0,1.12E-07,9.67E-08,9.45E-08,,,,,,,,,,,,,,,,,,,,
1,1,0,1,1,1,0,0,2.15E-07,2.65E-07,2.92E-07,,,,,,,,,,,,,,,,,,,,
1,0,1,1,1,1,0,0,3.75E-08,2.46E-08,3.70E-08,,,,,,,,,,,,,,,,,,,,
0,1,1,1,1,1,0,0,3.33E-10,3.66E-10,3.56E-10,,,,,,,,,,,,,,,,,,,,
1,1,1,1,1,1,0,0,1.29E-08,1.41E-08,9.41E-09,,,,,,,,,,,,,,,,,,,,
0,0,0,0,0,0,1,0,5.10E-10,5.99E-10,5.68E-10,,,,,,,,,,,,,,,,,,,,
1,0,0,0,0,0,1,0,4.93E-08,4.57E-08,3.62E-08,,,,,,,,,,,,,,,,,,,,
0,1,0,0,0,0,1,0,5.09E-10,5.40E-10,5.15E-10,,,,,,,,,,,,,,,,,,,,
0,0,1,0,0,0,1,0,4.17E-09,,4.52E-09,,,,,,,,,,,,,,,,,,,,
0,0,0,1,0,0,1,0,2.94E-09,3.06E-09,3.23E-09,,,,,,,,,,,,,,,,,,,,
0,0,0,0,1,0,1,0,9.11E-09,9.77E-09,8.86E-09,,,,,,,,,,,,,,,,,,,,
1,1,0,0,0,0,1,0,4.46E-08,4.47E-08,4.58E-08,,,,,,,,,,,,,,,,,,,,
1,0,1,0,0,0,1,0,2.48E-07,1.92E-07,1.95E-07,,,,,,,,,,,,,,,,,,,,
1,0,0,1,0,0,1,0,2.28E-07,2.51E-07,2.66E-07,,,,,,,,,,,,,,,,,,,,
1,0,0,0,1,0,1,0,2.42E-07,1.94E-07,2.29E-07,,,,,,,,,,,,,,,,,,,,
0,1,1,0,0,0,1,0,4.87E-09,7.97E-09,7.02E-09,,,,,,,,,,,,,,,,,,,,
0,1,0,1,0,0,1,0,,2.34E-09,2.64E-09,,,,,,,,,,,,,,,,,,,,
0,1,0,0,1,0,1,0,1.56E-09,2.01E-09,2.21E-09,,,,,,,,,,,,,,,,,,,,
0,0,1,1,0,0,1,0,4.29E-09,3.96E-09,4.59E-09,,,,,,,,,,,,,,,,,,,,
0,0,1,0,1,0,1,0,6.79E-09,2.44E-09,7.18E-09,,,,,,,,,,,,,,,,,,,,
0,0,0,1,1,0,1,0,6.56E-09,6.37E-09,6.73E-09,,,,,,,,,,,,,,,,,,,,
1,1,1,0,0,0,1,0,1.38E-07,1.68E-07,1.21E-07,,,,,,,,,,,,,,,,,,,,
1,1,0,1,0,0,1,0,5.11E-08,5.34E-08,4.04E-08,,,,,,,,,,,,,,,,,,,,
1,1,0,0,1,0,1,0,,8.34E-07,,,,,,,,,,,,,,,,,,,,,
1,0,1,1,0,0,1,0,3.55E-08,9.29E-08,7.98E-08,,,,,,,,,,,,,,,,,,,,
1,0,1,0,1,0,1,0,2.43E-07,3.20E-07,3.18E-07,,,,,,,,,,,,,,,,,,,,
1,0,0,1,1,0,1,0,1.50E-07,1.39E-07,1.23E-07,,,,,,,,,,,,,,,,,,,,
0,1,1,1,0,0,1,0,4.90E-09,5.18E-09,5.31E-09,,,,,,,,,,,,,,,,,,,,
0,1,1,0,1,0,1,0,5.06E-09,4.46E-09,4.59E-09,,,,,,,,,,,,,,,,,,,,
0,1,0,1,1,0,1,0,3.62E-09,4.09E-09,4.60E-09,,,,,,,,,,,,,,,,,,,,
0,0,1,1,1,0,1,0,6.99E-09,8.18E-09,8.72E-09,,,,,,,,,,,,,,,,,,,,
1,1,1,1,0,0,1,0,1.33E-07,1.21E-07,1.25E-07,,,,,,,,,,,,,,,,,,,,
1,1,1,0,1,0,1,0,2.66E-07,2.19E-07,2.78E-07,,,,,,,,,,,,,,,,,,,,
1,1,0,1,1,0,1,0,4.23E-07,3.73E-07,4.21E-07,,,,,,,,,,,,,,,,,,,,
1,0,1,1,1,0,1,0,2.87E-07,2.41E-07,2.16E-07,,,,,,,,,,,,,,,,,,,,
0,1,1,1,1,0,1,0,4.30E-09,4.42E-09,3.98E-09,,,,,,,,,,,,,,,,,,,,
1,1,1,1,1,0,1,0,3.78E-07,3.74E-07,5.20E-07,,,,,,,,,,,,,,,,,,,,
0,0,0,0,0,0,0,1,5.19E-11,5.90E-11,6.10E-11,,,,,,,,,,,,,,,,,,,,
1,0,0,0,0,0,0,1,4.37E-08,4.53E-08,3.57E-08,,,,,,,,,,,,,,,,,,,,
0,1,0,0,0,0,0,1,8.38E-10,6.25E-10,1.17E-09,,,,,,,,,,,,,,,,,,,,
0,0,1,0,0,0,0,1,1.75E-08,1.85E-08,1.86E-08,,,,,,,,,,,,,,,,,,,,
0,0,0,1,0,0,0,1,2.90E-10,2.94E-10,2.82E-10,,,,,,,,,,,,,,,,,,,,
0,0,0,0,1,0,0,1,2.29E-09,2.03E-09,2.06E-09,,,,,,,,,,,,,,,,,,,,
1,1,0,0,0,0,0,1,3.80E-08,4.36E-08,4.24E-08,,,,,,,,,,,,,,,,,,,,
1,0,1,0,0,0,0,1,1.81E-07,0.000000144,1.38E-07,,,,,,,,,,,,,,,,,,,,
1,0,0,1,0,0,0,1,1.66E-08,1.84E-08,1.47E-08,,,,,,,,,,,,,,,,,,,,
1,0,0,0,1,0,0,1,8.85E-08,9.37E-08,7.91E-08,,,,,,,,,,,,,,,,,,,,
0,1,1,0,0,0,0,1,5.25E-09,4.80E-09,6.86E-09,,,,,,,,,,,,,,,,,,,,
0,1,0,1,0,0,0,1,8.85E-10,9.78E-10,1.39E-09,,,,,,,,,,,,,,,,,,,,
0,1,0,0,1,0,0,1,2.57E-09,1.82E-09,2.61E-09,,,,,,,,,,,,,,,,,,,,
0,0,1,1,0,0,0,1,5.58E-09,4.53E-09,5.85E-09,,,,,,,,,,,,,,,,,,,,
0,0,1,0,1,0,0,1,2.54E-08,2.52E-08,2.56E-08,,,,,,,,,,,,,,,,,,,,
0,0,0,1,1,0,0,1,7.63E-09,8.60E-09,8.46E-09,,,,,,,,,,,,,,,,,,,,
1,1,1,0,0,0,0,1,0.000000017,2.58E-08,1.79E-08,,,,,,,,,,,,,,,,,,,,
1,1,0,1,0,0,0,1,3.03E-08,3.32E-08,3.33E-08,,,,,,,,,,,,,,,,,,,,
1,1,0,0,1,0,0,1,3.18E-07,3.10E-07,3.13E-07,,,,,,,,,,,,,,,,,,,,
1,0,1,1,0,0,0,1,7.84E-08,6.14E-08,4.74E-08,,,,,,,,,,,,,,,,,,,,
1,0,1,0,1,0,0,1,1.24E-07,7.03E-08,1.38E-07,,,,,,,,,,,,,,,,,,,,
1,0,0,1,1,0,0,1,4.35E-08,4.36E-08,2.78E-08,,,,,,,,,,,,,,,,,,,,
0,1,1,1,0,0,0,1,2.88E-09,2.63E-09,2.96E-09,,,,,,,,,,,,,,,,,,,,
0,1,1,0,1,0,0,1,3.82E-09,3.66E-09,3.58E-09,,,,,,,,,,,,,,,,,,,,
0,1,0,1,1,0,0,1,2.94E-09,2.92E-09,3.58E-09,,,,,,,,,,,,,,,,,,,,
0,0,1,1,1,0,0,1,8.28E-09,8.56E-09,1.01E-08,,,,,,,,,,,,,,,,,,,,
1,1,1,1,0,0,0,1,3.26E-08,3.10E-08,2.38E-08,,,,,,,,,,,,,,,,,,,,
1,1,1,0,1,0,0,1,4.22E-08,3.64E-08,4.42E-08,,,,,,,,,,,,,,,,,,,,
1,1,0,1,1,0,0,1,9.47E-08,9.82E-08,1.07E-07,,,,,,,,,,,,,,,,,,,,
1,0,1,1,1,0,0,1,2.65E-07,1.30E-07,1.97E-07,,,,,,,,,,,,,,,,,,,,
0,1,1,1,1,0,0,1,1.86E-09,1.79E-09,2.96E-09,,,,,,,,,,,,,,,,,,,,
1,1,1,1,1,0,0,1,1.12E-07,1.37E-07,1.44E-07,,,,,,,,,,,,,,,,,,,,
0,0,0,0,0,1,1,0,2.34E-10,2.48E-10,2.49E-10,,,,,,,,,,,,,,,,,,,,
1,0,0,0,0,1,1,0,4.54E-09,4.97E-09,5.43E-09,,,,,,,,,,,,,,,,,,,,
0,1,0,0,0,1,1,0,1.32E-10,1.46E-10,1.72E-10,,,,,,,,,,,,,,,,,,,,
0,0,1,0,0,1,1,0,1.09E-10,1.34E-10,1.12E-10,,,,,,,,,,,,,,,,,,,,
0,0,0,1,0,1,1,0,2.93E-09,3.27E-09,3.37E-09,,,,,,,,,,,,,,,,,,,,
0,0,0,0,1,1,1,0,1.74E-09,1.76E-09,1.83E-09,,,,,,,,,,,,,,,,,,,,
1,1,0,0,0,1,1,0,1.32E-08,1.15E-08,1.33E-08,,,,,,,,,,,,,,,,,,,,
1,0,1,0,0,1,1,0,1.43E-08,1.11E-08,1.29E-08,,,,,,,,,,,,,,,,,,,,
1,0,0,1,0,1,1,0,2.53E-08,2.22E-08,1.79E-08,,,,,,,,,,,,,,,,,,,,
1,0,0,0,1,1,1,0,0.000000129,1.26E-07,1.29E-07,,,,,,,,,,,,,,,,,,,,
0,1,1,0,0,1,1,0,1.64E-10,1.48E-10,1.88E-10,,,,,,,,,,,,,,,,,,,,
0,1,0,1,0,1,1,0,9.49E-10,1.08E-09,1.29E-09,,,,,,,,,,,,,,,,,,,,
0,1,0,0,1,1,1,0,6.18E-10,6.60E-10,7.07E-10,,,,,,,,,,,,,,,,,,,,
0,0,1,1,0,1,1,0,3.07E-10,2.29E-10,3.45E-10,,,,,,,,,,,,,,,,,,,,
0,0,1,0,1,1,1,0,1.54E-09,1.48E-09,1.61E-09,,,,,,,,,,,,,,,,,,,,
0,0,0,1,1,1,1,0,7.17E-09,7.13E-09,7.29E-09,,,,,,,,,,,,,,,,,,,,
1,1,1,0,0,1,1,0,3.96E-09,4.32E-09,4.83E-09,,,,,,,,,,,,,,,,,,,,
1,1,0,1,0,1,1,0,1.08E-08,9.09E-09,1.22E-08,,,,,,,,,,,,,,,,,,,,
1,1,0,0,1,1,1,0,3.40E-07,3.42E-07,3.74E-07,,,,,,,,,,,,,,,,,,,,
1,0,1,1,0,1,1,0,1.49E-08,1.15E-08,1.03E-08,,,,,,,,,,,,,,,,,,,,
1,0,1,0,1,1,1,0,2.88E-08,1.93E-08,2.37E-08,,,,,,,,,,,,,,,,,,,,
1,0,0,1,1,1,1,0,3.95E-08,4.17E-08,4.21E-08,,,,,,,,,,,,,,,,,,,,
0,1,1,1,0,1,1,0,1.68E-09,1.62E-09,1.67E-09,,,,,,,,,,,,,,,,,,,,
0,1,1,0,1,1,1,0,2.84E-10,3.39E-10,4.10E-10,,,,,,,,,,,,,,,,,,,,
0,1,0,1,1,1,1,0,1.52E-09,1.79E-09,1.89E-09,,,,,,,,,,,,,,,,,,,,
0,0,1,1,1,1,1,0,2.23E-09,2.40E-09,2.36E-09,,,,,,,,,,,,,,,,,,,,
1,1,1,1,0,1,1,0,1.10E-09,5.21E-10,9.28E-10,,,,,,,,,,,,,,,,,,,,
1,1,1,0,1,1,1,0,4.41E-08,3.55E-08,4.78E-08,,,,,,,,,,,,,,,,,,,,
1,1,0,1,1,1,1,0,0.000000195,1.83E-07,2.08E-07,,,,,,,,,,,,,,,,,,,,
1,0,1,1,1,1,1,0,1.46E-08,1.02E-08,1.86E-08,,,,,,,,,,,,,,,,,,,,
0,1,1,1,1,1,1,0,2.56E-10,2.81E-10,2.68E-10,,,,,,,,,,,,,,,,,,,,
1,1,1,1,1,1,1,0,2.47E-08,1.74E-08,2.73E-08,,,,,,,,,,,,,,,,,,,,
0,0,0,0,0,1,0,1,2.47E-10,2.72E-10,2.48E-10,,,,,,,,,,,,,,,,,,,,
1,0,0,0,0,1,0,1,8.29E-09,6.29E-09,5.89E-09,,,,,,,,,,,,,,,,,,,,
0,1,0,0,0,1,0,1,5.35E-11,4.41E-11,7.33E-11,,,,,,,,,,,,,,,,,,,,
0,0,1,0,0,1,0,1,1.83E-10,2.38E-10,1.72E-10,,,,,,,,,,,,,,,,,,,,
0,0,0,1,0,1,0,1,4.14E-10,6.29E-10,3.18E-10,,,,,,,,,,,,,,,,,,,,
0,0,0,0,1,1,0,1,1.77E-09,1.70E-09,1.62E-09,,,,,,,,,,,,,,,,,,,,
1,1,0,0,0,1,0,1,2.64E-09,2.92E-09,3.36E-09,,,,,,,,,,,,,,,,,,,,
1,0,1,0,0,1,0,1,2.57E-10,1.55E-10,1.68E-10,,,,,,,,,,,,,,,,,,,,
1,0,0,1,0,1,0,1,6.16E-09,5.28E-09,4.07E-09,,,,,,,,,,,,,,,,,,,,
1,0,0,0,1,1,0,1,6.10E-09,5.31E-09,4.52E-09,,,,,,,,,,,,,,,,,,,,
0,1,1,0,0,1,0,1,2.33E-11,2.37E-11,3.82E-11,,,,,,,,,,,,,,,,,,,,
0,1,0,1,0,1,0,1,1.81E-10,1.47E-10,1.05E-10,,,,,,,,,,,,,,,,,,,,
0,1,0,0,1,1,0,1,1.97E-10,2.36E-10,2.94E-10,,,,,,,,,,,,,,,,,,,,
0,0,1,1,0,1,0,1,2.89E-10,3.37E-10,2.95E-10,,,,,,,,,,,,,,,,,,,,
0,0,1,0,1,1,0,1,1.59E-10,1.77E-10,1.62E-10,,,,,,,,,,,,,,,,,,,,
0,0,0,1,1,1,0,1,2.11E-09,2.48E-09,2.64E-09,,,,,,,,,,,,,,,,,,,,
1,1,1,0,0,1,0,1,6.40E-11,5.50E-11,6.57E-11,,,,,,,,,,,,,,,,,,,,
1,1,0,1,0,1,0,1,1.42E-09,1.30E-09,1.46E-09,,,,,,,,,,,,,,,,,,,,
1,1,0,0,1,1,0,1,1.24E-09,1.96E-09,1.19E-09,,,,,,,,,,,,,,,,,,,,
1,0,1,1,0,1,0,1,1.03E-10,7.82E-11,7.95E-11,,,,,,,,,,,,,,,,,,,,
1,0,1,0,1,1,0,1,7.91E-11,6.32E-11,7.16E-11,,,,,,,,,,,,,,,,,,,,
1,0,0,1,1,1,0,1,2.96E-09,1.65E-09,1.66E-09,,,,,,,,,,,,,,,,,,,,
0,1,1,1,0,1,0,1,2.12E-11,3.04E-11,2.69E-11,,,,,,,,,,,,,,,,,,,,
0,1,1,0,1,1,0,1,2.39E-11,2.81E-11,2.88E-11,,,,,,,,,,,,,,,,,,,,
0,1,0,1,1,1,0,1,6.48E-10,6.00E-10,5.16E-10,,,,,,,,,,,,,,,,,,,,
0,0,1,1,1,1,0,1,1.27E-10,1.53E-10,1.28E-10,,,,,,,,,,,,,,,,,,,,
1,1,1,1,0,1,0,1,6.11E-09,6.77E-09,7.36E-09,,,,,,,,,,,,,,,,,,,,
1,1,1,0,1,1,0,1,4.02E-10,2.03E-10,2.13E-10,,,,,,,,,,,,,,,,,,,,
1,1,0,1,1,1,0,1,3.34E-09,3.53E-09,3.84E-09,,,,,,,,,,,,,,,,,,,,
1,0,1,1,1,1,0,1,1.17E-10,7.95E-11,8.63E-11,,,,,,,,,,,,,,,,,,,,
0,1,1,1,1,1,0,1,9.62E-12,,1.56E-11,,,,,,,,,,,,,,,,,,,,
1,1,1,1,1,1,0,1,2.91E-10,2.12E-10,2.55E-10,,,,,,,,,,,,,,,,,,,,
0,0,0,0,0,0,1,1,5.59E-10,5.91E-10,6.06E-10,,,,,,,,,,,,,,,,,,,,
1,0,0,0,0,0,1,1,3.64E-08,2.98E-08,3.14E-08,,,,,,,,,,,,,,,,,,,,
0,1,0,0,0,0,1,1,8.42E-10,5.91E-10,1.18E-09,,,,,,,,,,,,,,,,,,,,
0,0,1,0,0,0,1,1,1.03E-08,9.71E-09,1.19E-08,,,,,,,,,,,,,,,,,,,,
0,0,0,1,0,0,1,1,7.20E-10,5.44E-10,7.08E-10,,,,,,,,,,,,,,,,,,,,
0,0,0,0,1,0,1,1,1.69E-09,3.00E-09,2.51E-09,1.67E-09,2.56E-09,2.34E-09,,,,,,,,,,,,,,,,,
1,1,0,0,0,0,1,1,3.59E-08,3.14E-08,3.00E-08,,,,,,,,,,,,,,,,,,,,
1,0,1,0,0,0,1,1,5.24E-08,0.000000034,4.61E-08,,,,,,,,,,,,,,,,,,,,
1,0,0,1,0,0,1,1,2.79E-08,2.37E-08,2.00E-08,,,,,,,,,,,,,,,,,,,,
1,0,0,0,1,0,1,1,2.59E-08,3.14E-08,3.01E-08,,,,,,,,,,,,,,,,,,,,
0,1,1,0,0,0,1,1,2.17E-09,1.13E-09,1.86E-09,,,,,,,,,,,,,,,,,,,,
0,1,0,1,0,0,1,1,9.25E-10,1.01E-09,1.19E-09,,,,,,,,,,,,,,,,,,,,
0,1,0,0,1,0,1,1,1.89E-09,2.52E-09,2.34E-09,,,,,,,,,,,,,,,,,,,,
0,0,1,1,0,0,1,1,4.31E-09,4.35E-09,4.40E-09,,,,,,,,,,,,,,,,,,,,
0,0,1,0,1,0,1,1,1.29E-08,1.52E-08,1.37E-08,,,,,,,,,,,,,,,,,,,,
0,0,0,1,1,0,1,1,7.55E-09,7.77E-09,8.07E-09,,,,,,,,,,,,,,,,,,,,
1,1,1,0,0,0,1,1,2.66E-09,5.14E-09,2.79E-09,,,,,,,,,,,,,,,,,,,,
1,1,0,1,0,0,1,1,1.84E-08,2.21E-08,1.88E-08,,,,,,,,,,,,,,,,,,,,
1,1,0,0,1,0,1,1,1.21E-07,1.07E-07,1.33E-07,,,,,,,,,,,,,,,,,,,,
1,0,1,1,0,0,1,1,2.65E-08,1.53E-08,1.64E-08,,,,,,,,,,,,,,,,,,,,
1,0,1,0,1,0,1,1,5.37E-09,1.63E-08,1.08E-08,,,,,,,,,,,,,,,,,,,,
1,0,0,1,1,0,1,1,1.28E-08,1.17E-08,9.08E-09,,,,,,,,,,,,,,,,,,,,
0,1,1,1,0,0,1,1,2.86E-09,3.46E-09,3.43E-09,,,,,,,,,,,,,,,,,,,,
0,1,1,0,1,0,1,1,1.07E-09,8.53E-10,9.99E-10,,,,,,,,,,,,,,,,,,,,
0,1,0,1,1,0,1,1,1.91E-09,2.27E-09,2.62E-09,,,,,,,,,,,,,,,,,,,,
0,0,1,1,1,0,1,1,2.72E-11,2.83E-11,2.14E-11,,,,,,,,,,,,,,,,,,,,
1,1,1,1,0,0,1,1,2.90E-09,4.82E-09,3.55E-09,,,,,,,,,,,,,,,,,,,,
1,1,1,0,1,0,1,1,,1.28E-08,1.05E-08,,,,,,,,,,,,,,,,,,,,
1,1,0,1,1,0,1,1,4.43E-08,4.34E-08,4.54E-08,,,,,,,,,,,,,,,,,,,,
1,0,1,1,1,0,1,1,8.67E-08,3.43E-08,7.44E-08,,,,,,,,,,,,,,,,,,,,
0,1,1,1,1,0,1,1,2.65E-09,2.99E-09,2.82E-09,,,,,,,,,,,,,,,,,,,,
1,1,1,1,1,0,1,1,1.57E-08,2.27E-08,1.94E-08,,,,,,,,,,,,,,,,,,,,
0,0,0,0,0,1,1,1,1.50E-10,1.22E-10,1.01E-10,,,,,,,,,,,,,,,,,,,,
1,0,0,0,0,1,1,1,3.18E-09,2.54E-09,2.65E-09,,,,,,,,,,,,,,,,,,,,
0,1,0,0,0,1,1,1,4.02E-11,2.48E-11,3.24E-11,,,,,,,,,,,,,,,,,,,,
0,0,1,0,0,1,1,1,5.61E-11,6.00E-11,5.01E-11,,,,,,,,,,,,,,,,,,,,
0,0,0,1,0,1,1,1,2.01E-10,2.28E-10,2.20E-10,,,,,,,,,,,,,,,,,,,,
0,0,0,0,1,1,1,1,9.03E-10,9.63E-10,7.53E-10,,,,,,,,,,,,,,,,,,,,
1,1,0,0,0,1,1,1,1.31E-09,,7.65E-10,,,,,,,,,,,,,,,,,,,,
1,0,1,0,0,1,1,1,4.01E-11,4.43E-11,3.77E-11,,,,,,,,,,,,,,,,,,,,
1,0,0,1,0,1,1,1,1.22E-09,1.31E-09,1.96E-09,,,,,,,,,,,,,,,,,,,,
1,0,0,0,1,1,1,1,4.88E-11,4.06E-11,4.67E-11,,,,,,,,,,,,,,,,,,,,
0,1,1,0,0,1,1,1,1.88E-11,2.76E-11,2.58E-11,,,,,,,,,,,,,,,,,,,,
0,1,0,1,0,1,1,1,8.94E-12,1.07E-11,7.86E-12,,,,,,,,,,,,,,,,,,,,
0,1,0,0,1,1,1,1,1.81E-10,1.37E-10,1.26E-10,,,,,,,,,,,,,,,,,,,,
0,0,1,1,0,1,1,1,5.84E-11,6.44E-11,5.48E-11,,,,,,,,,,,,,,,,,,,,
0,0,1,0,1,1,1,1,3.68E-11,3.71E-11,3.51E-11,,,,,,,,,,,,,,,,,,,,
0,0,0,1,1,1,1,1,9.34E-10,8.38E-10,1.23E-09,,,,,,,,,,,,,,,,,,,,
1,1,1,0,0,1,1,1,3.905E-11,4.928E-11,4.13E-11,,,,,,,,,,,,,,,,,,,,
1,1,0,1,0,1,1,1,8.42E-11,7.35E-11,7.03E-11,,,,,,,,,,,,,,,,,,,,
1,1,0,0,1,1,1,1,9.10E-10,1.12E-09,6.63E-10,,,,,,,,,,,,,,,,,,,,
1,0,1,1,0,1,1,1,1.28E-11,1.47E-11,1.15E-11,,,,,,,,,,,,,,,,,,,,
1,0,1,0,1,1,1,1,2.96E-11,2.41E-11,2.82E-11,,,,,,,,,,,,,,,,,,,,
1,0,0,1,1,1,1,1,2.95E-11,2.66E-11,2.79E-11,,,,,,,,,,,,,,,,,,,,
0,1,1,1,0,1,1,1,1.13E-11,9.10E-12,9.03E-12,,,,,,,,,,,,,,,,,,,,
0,1,1,0,1,1,1,1,1.94E-11,1.95E-11,1.67E-11,,,,,,,,,,,,,,,,,,,,
0,1,0,1,1,1,1,1,2.97E-10,3.36E-10,3.00E-10,,,,,,,,,,,,,,,,,,,,
0,0,1,1,1,1,1,1,3.40E-11,3.65E-11,3.00E-11,,,,,,,,,,,,,,,,,,,,
1,1,1,1,0,1,1,1,2.24E-11,1.93E-11,2.44E-11,,,,,,,,,,,,,,,,,,,,
1,1,1,0,1,1,1,1,4.52E-11,2.85E-11,4.04E-11,,,,,,,,,,,,,,,,,,,,
1,1,0,1,1,1,1,1,1.41E-10,1.22E-10,1.15E-10,,,,,,,,,,,,,,,,,,,,
1,0,1,1,1,1,1,1,3.39E-11,3.01E-11,3.06E-11,,,,,,,,,,,,,,,,,,,,
0,1,1,1,1,1,1,1,1.27E-11,1.03E-11,,,,,,,,,,,,,,,,,,,,,
1,1,1,1,1,1,1,1,2.25E-10,1.76E-10,1.99E-10,1.07E-10,7.00E-11,9.51E-11,9.68E-11,1.29E-10,7.69E-11,8.65E-11,7.73E-11,7.74E-11,,,,,,,,,,,