position,variant_id,background,effect_ratio,effect_sd,effect_sem,log10_effect,log10_effect_sd,log10_effect_sem,wt_genotype,mut_genotype,wt_mean,mut_mean,wt_fold_vs_reference,mut_fold_vs_reference,wt_n,mut_n,ancestry,position_numeric,x_position
p72,X0000000,0000000,122.20602526724976,103.51869970136639,59.76654913874392,2.087092618965532,0.3678836616753257,0.21239773109871454,00000000,10000000,4.116e-10,5.03e-8,1,122.20602526724976,15,3,AncDHCH2,1,0.85
p72,X0001000,0001000,72.74021352313169,51.40973557226164,29.68142467161274,1.8617745715575953,0.30694114567093583,0.17721255307848696,00001000,10001000,9.366666666666665e-10,6.813333333333333e-8,2.275672173631357,165.5328798185941,3,3,AncDHCH2,1,0.85
p72,X0010000,0010000,30.318840579710148,21.702226464884937,12.52978629151554,1.4817125894579815,0.3108679955598866,0.17947972091893993,00010000,10010000,2.3e-9,6.973333333333334e-8,5.587949465500485,169.42014901198576,3,3,AncDHCH2,1,0.85
p72,X0011000,0011000,130.29556650246306,92.69123716196252,53.515310726978505,2.114929638457992,0.3089536651230952,0.1783744817259405,00011000,10011000,1.3533333333333332e-9,1.7633333333333334e-7,3.2879818594104306,428.4094590217039,3,3,AncDHCH2,1,0.85
p72,X0100000,0100000,10.067607289829512,8.540883281335311,4.931081261596116,1.002926266551894,0.3684349590603149,0.21271602279234156,00100000,10100000,1.134e-8,1.1416666666666666e-7,27.551020408163264,277.37285390346614,3,3,AncDHCH2,1,0.85
p72,X0101000,0101000,19.119241192411923,14.292373381177534,8.251705618981491,1.2814706519313062,0.32465194775668227,0.18743788943025685,00101000,10101000,2.46e-8,4.703333333333333e-7,59.7667638483965,1142.6951733074181,3,3,AncDHCH2,1,0.85
p72,X0110000,0110000,42.565597667638485,31.13190870288755,17.974015869998983,1.6290587357416666,0.31763717418818493,0.18338790802218063,00110000,10110000,4.573333333333333e-9,1.9466666666666666e-7,11.11111111111111,472.9510851959831,3,3,AncDHCH2,1,0.85
p72,X0111000,0111000,56.676056338028175,39.74026197129199,22.94405094679168,1.7533996233287958,0.30451971429673075,0.17581453902276545,00111000,10111000,5.916666666666667e-9,3.3533333333333334e-07,14.374797538062843,814.7068351149984,3,3,AncDHCH2,1,0.85
p72,X1000000,1000000,42.26027397260275,29.336571530809575,16.937477470413622,1.6259323082488046,0.30148198144788196,0.17406070314475644,01000000,11000000,1.46e-9,6.17e-8,3.5471331389698735,149.90281827016523,3,3,AncDHCH2,1,0.85
p72,X1001000,1001000,170.8375378405651,119.46823161474737,68.97501568238296,2.23258330362366,0.3037060496706862,0.17534476953188854,01001000,11001000,3.3033333333333333e-9,5.643333333333333e-7,8.025591188856495,1371.0722384191772,3,3,AncDHCH2,1,0.85
p72,X1010000,1010000,28.994082840236686,20.579066700772437,11.881329699362231,1.4623093754148402,0.30824824361960984,0.1779672064310111,01010000,11010000,2.2533333333333334e-9,6.533333333333334e-8,5.47457078069323,158.73015873015873,3,3,AncDHCH2,1,0.85
p72,X1011000,1011000,87.71300448430493,63.07871279281946,36.41851181106941,1.943063987403422,0.312322409345623,0.18031942710964793,01011000,11011000,3.716666666666667e-9,3.26e-7,9.029802397149336,792.0310981535471,3,3,AncDHCH2,1,0.85
p72,X1100000,1100000,34.487666034155595,25.783853127643212,14.886314543990583,1.537663804318529,0.3246895607388851,0.18745960529565664,01100000,11100000,7.026666666666666e-9,2.4233333333333335e-7,17.071590540978296,588.7593132491091,3,3,AncDHCH2,1,0.85
p72,X1101000,1101000,72.88606589916634,51.55780280828137,29.766911330186897,1.8626445093671107,0.3072091898836961,0.17736730847687882,01101000,11101000,8.396666666666666e-9,6.12e-7,20.40006478781989,1486.8804664723032,3,3,AncDHCH2,1,0.85
p72,X1110000,1110000,93.67088607594934,65.64707525403965,37.901356569431414,1.9716046284405346,0.30436524869424836,0.1757253582655917,01110000,11110000,1.8433333333333334e-9,1.7266666666666665e-7,4.478458049886622,419.501133786848,3,3,AncDHCH2,1,0.85
p72,X1111000,1111000,293.2387747998607,230.49323752400068,133.07533273087014,2.4672213962836076,0.34136666012538724,0.19708813311575582,01111000,11111000,2.2533333333333334e-9,6.607647058823529e-7,5.47457078069323,1605.3564282855998,3,17,AncDHCH2,1,0.85
p193,0X000000,0000000,3.5471331389698735,3.004708369164964,1.7347691857737133,0.5498774896940417,0.36788251619893475,0.21239706975761183,00000000,01000000,4.116e-10,1.46e-9,1,3.5471331389698735,15,3,AncDHCH2,2,1.85
p193,0X001000,0001000,3.5266903914590753,2.481499039231213,1.4326941382939384,0.5473673345801955,0.30558433544274527,0.17642919832800186,00001000,01001000,9.366666666666665e-10,3.3033333333333333e-9,2.275672173631357,8.025591188856495,3,3,AncDHCH2,2,1.85
p193,0X010000,0010000,0.9797101449275364,0.7060886157925971,0.4076604523995862,-0.00890239479561932,0.3130011372864893,0.18071129086901364,00010000,01010000,2.3e-9,2.2533333333333334e-9,5.587949465500485,5.47457078069323,3,3,AncDHCH2,2,1.85
p193,0X011000,0011000,2.7463054187192117,2.012400793430826,1.161860139804704,0.43874883380698537,0.3182364765432123,0.18373391539818168,00011000,01011000,1.3533333333333332e-9,3.716666666666667e-9,3.2879818594104306,9.029802397149336,3,3,AncDHCH2,2,1.85
p193,0X100000,0100000,0.6196355085243974,0.4882641969935899,0.28189946556990564,-0.2078637027360412,0.34221803551932684,0.1975796749286283,00100000,01100000,1.134e-8,7.026666666666666e-9,27.551020408163264,17.071590540978296,3,3,AncDHCH2,2,1.85
p193,0X101000,0101000,0.3413279132791328,0.24532619523519622,0.14163914485830723,-0.4668281943249285,0.3121450333006771,0.18021701900235063,00101000,01101000,2.46e-8,8.396666666666666e-9,59.7667638483965,20.40006478781989,3,3,AncDHCH2,2,1.85
p193,0X110000,0110000,0.403061224489796,0.290648899682909,0.16780622047159607,-0.3946289800660346,0.3131713140189073,0.18080954245128497,00110000,01110000,4.573333333333333e-9,1.8433333333333334e-9,11.11111111111111,4.478458049886622,3,3,AncDHCH2,2,1.85
p193,0X111000,0111000,0.38084507042253524,0.27377729584995325,0.15806539545697834,-0.41925166144947695,0.31220036201627366,0.18024896305119423,00111000,01111000,5.916666666666667e-9,2.2533333333333334e-9,14.374797538062843,5.47457078069323,3,3,AncDHCH2,2,1.85
p193,1X000000,1000000,1.2266401590457259,0.8515227239463192,0.49162687389149085,0.08871717897731436,0.3014833792110721,0.17406151014371055,10000000,11000000,5.03e-8,6.17e-8,122.20602526724976,149.90281827016523,3,3,AncDHCH2,2,1.85
p193,1X001000,1001000,8.282778864970647,5.81825813279664,3.3591728991848693,0.9181760666462602,0.3050712137261982,0.17613294736682641,10001000,11001000,6.813333333333333e-8,5.643333333333333e-7,165.5328798185941,1371.0722384191772,3,3,AncDHCH2,2,1.85
p193,1X010000,1010000,0.9369024856596558,0.6603099503379846,0.3812301275762238,-0.028305608838760574,0.30608197989323105,0.17671651348545056,10010000,11010000,6.973333333333334e-8,6.533333333333334e-8,169.42014901198576,158.73015873015873,3,3,AncDHCH2,2,1.85
p193,1X011000,1011000,1.8487712665406426,1.289253946046994,0.7443511128040193,0.2668831827524157,0.30285838203657156,0.17485536839514915,10011000,11011000,1.7633333333333334e-7,3.26e-7,428.4094590217039,792.0310981535471,3,3,AncDHCH2,2,1.85
p193,1X100000,1100000,2.1226277372262774,1.721455064338711,0.9938825447937993,0.3268738350305935,0.3522136369817028,0.20335063812364326,10100000,11100000,1.1416666666666666e-7,2.4233333333333335e-7,277.37285390346614,588.7593132491091,3,3,AncDHCH2,2,1.85
p193,1X101000,1101000,1.3012048192771084,0.9584908847802552,0.553384970343683,0.1143456631108758,0.31990913040568814,0.18469962255594316,10101000,11101000,4.703333333333333e-7,6.12e-7,1142.6951733074181,1486.8804664723032,3,3,AncDHCH2,2,1.85
p193,1X110000,1110000,0.8869863013698629,0.6310047681303003,0.36431077273996626,-0.05208308736716652,0.308958422954672,0.17837722866128214,10110000,11110000,1.9466666666666666e-7,1.7266666666666665e-7,472.9510851959831,419.501133786848,3,3,AncDHCH2,2,1.85
p193,1X111000,1111000,1.9704712899076129,1.5170356951885262,0.8758609669873667,0.294570111505335,0.33435667631652255,0.19304091707669288,10111000,11111000,3.3533333333333334e-07,6.607647058823529e-7,814.7068351149984,1605.3564282855998,3,17,AncDHCH2,2,1.85
p258,00X00000,0000000,27.551020408163264,24.71861880360384,14.271301220256422,1.4401376884664925,0.3896465389533928,0.22496253415354733,00000000,00100000,4.116e-10,1.134e-8,1,27.551020408163264,15,3,AncDHCH2,3,2.85
p258,00X01000,0001000,26.263345195729542,18.977689050198652,10.956773881729205,1.4193500419179617,0.3138178161370389,0.1811828006232199,00001000,00101000,9.366666666666665e-10,2.46e-8,2.275672173631357,59.7667638483965,3,3,AncDHCH2,3,2.85
p258,00X10000,0010000,1.9884057971014495,1.4463218214401306,0.8350342929432892,0.2985050206334776,0.31589607464600516,0.1823826837328172,00010000,00110000,2.3e-9,4.573333333333333e-9,5.587949465500485,11.11111111111111,3,3,AncDHCH2,3,2.85
p258,00X11000,0011000,4.37192118226601,3.104877871327979,1.7926020748121212,0.6406723238139188,0.3084299259490197,0.17807210077280286,00011000,00111000,1.3533333333333332e-9,5.916666666666667e-9,3.2879818594104306,14.374797538062843,3,3,AncDHCH2,3,2.85
p258,01X00000,0100000,4.812785388127854,3.515344937926746,2.029585346206395,0.6823964960364095,0.31721649427671456,0.18314502836205052,01000000,01100000,1.46e-9,7.026666666666666e-9,3.5471331389698735,17.071590540978296,3,3,AncDHCH2,3,2.85
p258,01X01000,0101000,2.541876892028254,1.7784949665681635,1.0268145477005237,0.40515451301283767,0.3038662306957532,0.17543725008983005,01001000,01101000,3.3033333333333333e-9,8.396666666666666e-9,8.025591188856495,20.40006478781989,3,3,AncDHCH2,3,2.85
p258,01X10000,0110000,0.8180473372781065,0.5843960184504406,0.33740119856570744,-0.08722156463693766,0.3102509530850957,0.179123471280018,01010000,01110000,2.2533333333333334e-9,1.8433333333333334e-9,5.47457078069323,4.478458049886622,3,3,AncDHCH2,3,2.85
p258,01X11000,0111000,0.6062780269058297,0.44936349521664976,0.2594401349273239,-0.21732817144254352,0.3218920654890598,0.18584447066011334,01011000,01111000,3.716666666666667e-9,2.2533333333333334e-9,9.029802397149336,5.47457078069323,3,3,AncDHCH2,3,2.85
p258,10X00000,1000000,2.269715043074884,1.8048092144818164,1.0420070858169939,0.3559713360528545,0.3453379247448267,0.19938094381281243,10000000,10100000,5.03e-8,1.1416666666666666e-7,122.20602526724976,277.37285390346614,3,3,AncDHCH2,3,2.85
p258,10X01000,1001000,6.903131115459883,5.05477814185009,2.918377520890986,0.8390461222916727,0.31800964193397324,0.18360295237547597,10001000,10101000,6.813333333333333e-8,4.703333333333333e-7,165.5328798185941,1142.6951733074181,3,3,AncDHCH2,3,2.85
p258,10X10000,1010000,2.7915869980879537,2.0095895632184724,1.1602370752848477,0.4458511669171628,0.3126370981072505,0.18050111275088454,10010000,10110000,6.973333333333334e-8,1.9466666666666666e-7,169.42014901198576,472.9510851959831,3,3,AncDHCH2,3,2.85
p258,10X11000,1011000,1.9017013232514177,1.3357625536468885,0.771202869921453,0.27914230868472284,0.30505016696838305,0.17612079601553626,10011000,10111000,1.7633333333333334e-7,3.3533333333333334e-07,428.4094590217039,814.7068351149984,3,3,AncDHCH2,3,2.85
p258,11X00000,1100000,3.927606699081577,2.7975206984723444,1.615149328326558,0.5941279921061337,0.30933540332354836,0.1785948783787321,11000000,11100000,6.17e-8,2.4233333333333335e-7,149.90281827016523,588.7593132491091,3,3,AncDHCH2,3,2.85
p258,11X01000,1101000,1.0844654459539278,0.7667284422133434,0.4426708725072162,0.03521571875628833,0.30705075280533906,0.17727583478703976,11001000,11101000,5.643333333333333e-7,6.12e-7,1371.0722384191772,1486.8804664723032,3,3,AncDHCH2,3,2.85
p258,11X10000,1110000,2.6428571428571423,1.8397607926497255,1.0621863888808383,0.42207368838875686,0.3023235525344919,0.17454658443815285,11010000,11110000,6.533333333333334e-8,1.7266666666666665e-7,158.73015873015873,419.501133786848,3,3,AncDHCH2,3,2.85
p258,11X11000,1111000,2.0268856008661134,1.5511412318274318,0.8955518077466955,0.30682923743764223,0.332358213678861,0.1918871041348736,11011000,11111000,3.26e-7,6.607647058823529e-7,792.0310981535471,1605.3564282855998,3,17,AncDHCH2,3,2.85
p271,000X0000,0000000,5.587949465500485,4.793205917419428,2.767358726703414,0.7472524699271975,0.372527148538704,0.2150786494892645,00000000,00010000,4.116e-10,2.3e-9,1,5.587949465500485,15,3,AncDHCH2,4,3.85
p271,000X1000,0001000,1.4448398576512456,1.033637473044972,0.5967708733069992,0.15981971367211423,0.31069398345751364,0.17937925498479268,00001000,00011000,9.366666666666665e-10,1.3533333333333332e-9,2.275672173631357,3.2879818594104306,3,3,AncDHCH2,4,3.85
p271,001X0000,0010000,0.40329218106995884,0.31193472050841303,0.18009559485512294,-0.39438019790581735,0.33591409451932003,0.19394009289531883,00100000,00110000,1.134e-8,4.573333333333333e-9,27.551020408163264,11.11111111111111,3,3,AncDHCH2,4,3.85
p271,001X1000,0011000,0.24051490514905147,0.17255292324266996,0.09962347668361234,-0.6188580044319287,0.31157645865700506,0.17988875227877218,00101000,00111000,2.46e-8,5.916666666666667e-9,59.7667638483965,14.374797538062843,3,3,AncDHCH2,4,3.85
p271,010X0000,0100000,1.5433789954337902,1.092634471016846,0.6308328059674405,0.18847258543753648,0.30745858464046427,0.17751129660683343,01000000,01010000,1.46e-9,2.2533333333333334e-9,3.5471331389698735,5.47457078069323,3,3,AncDHCH2,4,3.85
p271,010X1000,0101000,1.1251261352169526,0.8115360563556383,0.4685405605940151,0.051201212898904155,0.3132498838210879,0.18085490474772412,01001000,01011000,3.3033333333333333e-9,3.716666666666667e-9,8.025591188856495,9.029802397149336,3,3,AncDHCH2,4,3.85
p271,011X0000,0110000,0.26233396584440233,0.19324872346396874,0.1115722025124739,-0.5811454752358106,0.3199237047520887,0.18470803705876077,01100000,01110000,7.026666666666666e-9,1.8433333333333334e-9,17.071590540978296,4.478458049886622,3,3,AncDHCH2,4,3.85
p271,011X1000,0111000,0.2683604605001985,0.19326635497489666,0.11158238207005436,-0.571281471556477,0.31276780247994324,0.18057657495564292,01101000,01111000,8.396666666666666e-9,2.2533333333333334e-9,20.40006478781989,5.47457078069323,3,3,AncDHCH2,4,3.85
p271,100X0000,1000000,1.3863485752153746,0.9745362590505346,0.5626487714978771,0.14187244041964683,0.30528809802003354,0.17625816557225524,10000000,10010000,5.03e-8,6.973333333333334e-8,122.20602526724976,169.42014901198576,3,3,AncDHCH2,4,3.85
p271,100X1000,1001000,2.588062622309198,1.8186357445436554,1.049989836670155,0.41297478057251064,0.3051794271278497,0.1761954244033998,10001000,10011000,6.813333333333333e-8,1.7633333333333334e-7,165.5328798185941,428.4094590217039,3,3,AncDHCH2,4,3.85
p271,101X0000,1010000,1.705109489051095,1.3814248225736427,0.7975659931781237,0.23175227128395512,0.3518514098128592,0.2031415061702036,10100000,10110000,1.1416666666666666e-7,1.9466666666666666e-7,277.37285390346614,472.9510851959831,3,3,AncDHCH2,4,3.85
p271,101X1000,1011000,0.7129695251594614,0.5218642049281439,0.30129843919569393,-0.14692903303443922,0.3178855989005002,0.18353133609670924,10101000,10111000,4.703333333333333e-7,3.3533333333333334e-07,1142.6951733074181,814.7068351149984,3,3,AncDHCH2,4,3.85
p271,110X0000,1100000,1.0588870880605077,0.7370300172803655,0.4255244788776536,0.024849652603571873,0.3022872533918653,0.17452562711838604,11000000,11010000,6.17e-8,6.533333333333334e-8,149.90281827016523,158.73015873015873,3,3,AncDHCH2,4,3.85
p271,110X1000,1101000,0.5776727702303602,0.402699220551777,0.23249850338802092,-0.23831810332133385,0.3027493390118352,0.17479241237546433,11001000,11011000,5.643333333333333e-7,3.26e-7,1371.0722384191772,792.0310981535471,3,3,AncDHCH2,4,3.85
p271,111X0000,1110000,0.7125171939477304,0.5075635940141484,0.2930419776349225,-0.14720465111380482,0.30937087549286246,0.17861535824523433,11100000,11110000,2.4233333333333335e-7,1.7266666666666665e-7,588.7593132491091,419.501133786848,3,3,AncDHCH2,4,3.85
p271,111X1000,1111000,1.079680891964629,0.8360140493990751,0.4826729364668651,0.033295415360020036,0.33628110967764113,0.1941519891957722,11101000,11111000,6.12e-7,6.607647058823529e-7,1486.8804664723032,1605.3564282855998,3,17,AncDHCH2,4,3.85
p273,0000X000,0000000,2.275672173631357,1.9413951871091375,1.1208650338809045,0.35710969909502205,0.3705002973295624,0.21390844639805928,00000000,00001000,4.116e-10,9.366666666666665e-10,1,2.275672173631357,15,3,AncDHCH2,5,4.85
p273,0001X000,0001000,0.5884057971014492,0.42421605488240416,0.24492125348091712,-0.2303230571600612,0.3131082200035336,0.18077311510452473,00010000,00011000,2.3e-9,1.3533333333333332e-9,5.587949465500485,3.2879818594104306,3,3,AncDHCH2,5,4.85
p273,0010X000,0010000,2.1693121693121693,1.6793658536663993,0.9695823276821613,0.33632205254649133,0.33620763929762815,0.19410957105209423,00100000,00101000,1.134e-8,2.46e-8,27.551020408163264,59.7667638483965,3,3,AncDHCH2,5,4.85
p273,0011X000,0011000,1.293731778425656,0.9272200388037594,0.5353307390013657,0.11184424602037998,0.3112596854137892,0.17970586316152942,00110000,00111000,4.573333333333333e-9,5.916666666666667e-9,11.11111111111111,14.374797538062843,3,3,AncDHCH2,5,4.85
p273,0100X000,0100000,2.262557077625571,1.5754491279364413,0.9095859781086656,0.3545995439811758,0.302405128051013,0.17459368208457562,01000000,01001000,1.46e-9,3.3033333333333333e-9,3.5471331389698735,8.025591188856495,3,3,AncDHCH2,5,4.85
p273,0101X000,0101000,1.6494082840236686,1.208231111829162,0.6975725576578475,0.21732817144254354,0.31813111999848914,0.18367308776872485,01010000,01011000,2.2533333333333334e-9,3.716666666666667e-9,5.47457078069323,9.029802397149336,3,3,AncDHCH2,5,4.85
p273,0110X000,0110000,1.1949715370018976,0.876662072074325,0.5061410833004467,0.07735756095760407,0.318609681156904,0.1839493851823594,01100000,01101000,7.026666666666666e-9,8.396666666666666e-9,17.071590540978296,20.40006478781989,3,3,AncDHCH2,5,4.85
p273,0111X000,0111000,1.2224231464737794,0.8841253705588966,0.5104500206895566,0.08722156463693766,0.31410626578202855,0.18134933710340231,01110000,01111000,1.8433333333333334e-9,2.2533333333333334e-9,4.478458049886622,5.47457078069323,3,3,AncDHCH2,5,4.85
p273,1000X000,1000000,1.3545394300861497,0.947464574527734,0.5470189271512215,0.1317916516870853,0.303777525686378,0.1753860362287888,10000000,10001000,5.03e-8,6.813333333333333e-8,122.20602526724976,165.5328798185941,3,3,AncDHCH2,5,4.85
p273,1001X000,1001000,2.52868068833652,1.785663071244671,1.0309530548650847,0.40289399183994906,0.306683094451967,0.17706356713775057,10010000,10011000,6.973333333333334e-8,1.7633333333333334e-7,169.42014901198576,428.4094590217039,3,3,AncDHCH2,5,4.85
p273,1010X000,1010000,4.1197080291970805,3.3952333192081783,1.9602388708064284,0.6148664379259035,0.357921261617551,0.20664593674358356,10100000,10101000,1.1416666666666666e-7,4.703333333333333e-7,277.37285390346614,1142.6951733074181,3,3,AncDHCH2,5,4.85
p273,1011X000,1011000,1.7226027397260275,1.233703183310287,0.7122788649842924,0.23618513360750915,0.31103543055048705,0.17957638955583483,10110000,10111000,1.9466666666666666e-7,3.3533333333333334e-07,472.9510851959831,814.7068351149984,3,3,AncDHCH2,5,4.85
p273,1100X000,1100000,9.146407347379794,6.376806895423676,3.681651177643121,0.9612505393560311,0.30278686938631405,0.17481408054727246,11000000,11001000,6.17e-8,5.643333333333333e-7,149.90281827016523,1371.0722384191772,3,3,AncDHCH2,5,4.85
p273,1101X000,1101000,4.989795918367347,3.472676231290421,2.00495055694394,0.6980827834311254,0.30224966098001843,0.17450392312928678,11010000,11011000,6.533333333333334e-8,3.26e-7,158.73015873015873,792.0310981535471,3,3,AncDHCH2,5,4.85
p273,1110X000,1110000,2.5254470426409905,1.8230798044499554,1.0525556158533522,0.40233826600618583,0.31351023631598207,0.18100521933073546,11100000,11101000,2.4233333333333335e-7,6.12e-7,588.7593132491091,1486.8804664723032,3,3,AncDHCH2,5,4.85
p273,1111X000,1111000,3.826822620940268,2.929194687860436,1.6911713415450447,0.5828383324800106,0.33242541276855325,0.1919259015473967,11110000,11111000,1.7266666666666665e-7,6.607647058823529e-7,419.501133786848,1605.3564282855998,3,17,AncDHCH2,5,4.85
p72,X0000000,0000000,21.105951878429718,20.085188252678577,11.596188844408287,1.3244049436132537,0.41329035886986515,0.2386132999469937,00000000,10000000,3.948333333333333e-10,8.333333333333334e-9,1,21.105951878429718,6,3,AncDHCH5,1,1.15
p72,X0001000,0001000,2.214470284237726,1.8313983310152402,1.0573583194050804,0.3452698569042868,0.3591676957636521,0.20736556583336216,00001000,10001000,3.87e-9,8.57e-9,9.80160405234276,21.705360911777124,3,3,AncDHCH5,1,1.15
p72,X0010000,0010000,10.523690773067333,9.069561221850638,5.236313612867257,1.0221680783414917,0.3742850751576568,0.2160935888959325,00010000,10010000,5.346666666666667e-10,5.626666666666667e-9,1.3541578725200507,14.250738708315748,3,3,AncDHCH5,1,1.15
p72,X0011000,0011000,1.8064220183486237,1.6248715158798026,0.9381200070917594,0.25681921819749454,0.39064666283988,0.22553995594863369,00011000,10011000,3.6333333333333336e-9,6.563333333333333e-9,9.202195018995358,16.623047699451245,3,3,AncDHCH5,1,1.15
p72,X0100000,0100000,0.27628716461203773,0.22500685375368656,0.1299077675842017,-0.5586392905002304,0.3536872048068369,0.2042014029041536,00100000,10100000,4.596666666666667e-10,1.27e-10,1.1642043056141833,0.3216547066272689,3,3,AncDHCH5,1,1.15
p72,X0101000,0101000,0.329004329004329,0.2566456411139872,0.1481744299835046,-0.4827983876113529,0.3387790856054675,0.19559419627013194,00101000,10101000,3.85e-10,1.2666666666666667e-10,0.975094976783453,0.32081046855213174,3,3,AncDHCH5,1,1.15
p72,X0110000,0110000,0.39473684210526316,0.37529442907164856,0.21667633964988323,-0.40369233756112893,0.41290369240828234,0.23839005796131227,00110000,10110000,1.216e-10,4.8e-11,0.30797804981004645,0.12157028281975518,3,3,AncDHCH5,1,1.15
p72,X0111000,0111000,1.5169082125603863,1.2233894724923842,0.7063242412672323,0.18095930261629714,0.35025935829378446,0.20222233479710203,00111000,10111000,1.3800000000000001e-10,2.0933333333333333e-10,0.3495145631067962,0.5301815111861545,3,3,AncDHCH5,1,1.15
p72,X1000000,1000000,3.3186528497409333,2.687298173121392,1.5515123236444253,0.5209618250729314,0.3516724468202261,0.20303818183823186,01000000,11000000,1.2866666666666666e-10,4.27e-10,0.32587589700295483,1.0814689742507388,3,3,AncDHCH5,1,1.15
p72,X1001000,1001000,1.5087087087087085,1.2771256788029282,0.7373488544458542,0.1786053972228198,0.36763136038087546,0.21225206487844678,01001000,11001000,5.55e-10,8.373333333333333e-10,1.4056563951034193,2.120726044744618,3,3,AncDHCH5,1,1.15
p72,X1010000,1010000,2.488425925925926,2.095475038051568,1.2098230772992142,0.39592471743671204,0.36571442071484533,0.21114531924624402,01010000,11010000,2.88e-10,7.166666666666667e-10,0.729421696918531,1.8151118615449557,3,3,AncDHCH5,1,1.15
p72,X1011000,1011000,1.1472103004291845,0.9242206806135977,0.5335990587428798,0.05964303773051823,0.3498782581547523,0.20200230652924364,01011000,11011000,7.766666666666667e-10,8.909999999999999e-10,1.9670747150696497,2.2566483748417054,3,3,AncDHCH5,1,1.15
p72,X1100000,1100000,1.4884667571234735,1.210198371584862,0.6987083556073669,0.17273913971565966,0.35310326701774486,0.20386426626443133,01100000,11100000,2.4566666666666667e-11,3.6566666666666664e-11,0.06222034613761081,0.0926129168425496,3,3,AncDHCH5,1,1.15
p72,X1101000,1101000,1.1368078175895764,1.0028291352475442,0.5789836711863693,0.05568705148199335,0.38311063047866534,0.2211890256362647,01101000,11101000,3.07e-11,3.49e-11,0.07775432672013509,0.08839172646686365,3,3,AncDHCH5,1,1.15
p72,X1110000,1110000,0.9980988593155894,0.8032626622429107,0.5679924755459214,-8.264407477821695e-4,0.34951702276288016,0.24714585693576543,01110000,11110000,1.753333333333333e-11,1.75e-11,0.044406922752216124,0.04432249894470241,3,2,AncDHCH5,1,1.15
p72,X1111000,1111000,7.780952380952382,7.004863087487031,4.044259589197111,0.8910327574624775,0.39097699567350824,0.22573067369905114,01111000,11111000,1.68e-11,1.3072e-10,0.04254959898691431,0.3310764035457999,3,5,AncDHCH5,1,1.15
p193,0X000000,0000000,0.32587589700295483,0.3169284639120374,0.1829787339534694,-0.4869477603870289,0.42237024677472135,0.24385557567307403,00000000,01000000,3.948333333333333e-10,1.2866666666666666e-10,1,0.32587589700295483,6,3,AncDHCH5,2,2.15
p193,0X001000,0001000,0.1434108527131783,0.1123723084740122,0.0648781825469306,-0.8434179818962352,0.3402997232475764,0.1964721368221434,00001000,01001000,3.87e-9,5.55e-10,9.80160405234276,1.4056563951034193,3,3,AncDHCH5,2,2.15
p193,0X010000,0010000,0.5386533665835411,0.4386293697081428,0.2532427846754722,-0.26869062146925143,0.3536491678742781,0.20417944227090162,00010000,01010000,5.346666666666667e-10,2.88e-10,1.3541578725200507,0.729421696918531,3,3,AncDHCH5,2,2.15
p193,0X011000,0011000,0.21376146788990824,0.17100362428215776,0.09872898851170542,-0.6700705769146047,0.3474243096489522,0.20058551869884245,00011000,01011000,3.6333333333333336e-9,7.766666666666667e-10,9.202195018995358,1.9670747150696497,3,3,AncDHCH5,2,2.15
p193,0X100000,0100000,0.053444525018129074,0.04299631688024463,0.024823935124971688,-1.2720967783167982,0.3493915074915482,0.20172128090281452,00100000,01100000,4.596666666666667e-10,2.4566666666666667e-11,1.1642043056141833,0.06222034613761081,3,3,AncDHCH5,2,2.15
p193,0X101000,0101000,0.07974025974025975,0.0629529479136694,0.03634590142423752,-1.098322354031314,0.34286467071345395,0.19795300993202505,00101000,01101000,3.85e-10,3.07e-11,0.975094976783453,0.07775432672013509,3,3,AncDHCH5,2,2.15
p193,0X110000,0110000,0.14418859649122806,0.129114876801895,0.07454450887795945,-0.8410690855026396,0.38889260240557594,0.22452724868471338,00110000,01110000,1.216e-10,1.753333333333333e-11,0.30797804981004645,0.044406922752216124,3,3,AncDHCH5,2,2.15
p193,0X111000,0111000,0.12173913043478259,0.09560576623356724,0.05519801487103049,-0.9145698046753737,0.34106582300268623,0.19691444472198216,00111000,01111000,1.3800000000000001e-10,1.68e-11,0.3495145631067962,0.04254959898691431,3,3,AncDHCH5,2,2.15
p193,1X000000,1000000,0.05124000000000001,0.040198918478062735,0.02320885640444134,-1.2903908789273513,0.3407136704430388,0.19671112934687388,10000000,11000000,8.333333333333334e-9,4.27e-10,21.105951878429718,1.0814689742507388,3,3,AncDHCH5,2,2.15
p193,1X001000,1001000,0.09770517308440295,0.08665178900554336,0.05002843370811312,-1.010082441577702,0.38516275673186184,0.22237382128095878,10001000,11001000,8.57e-9,8.373333333333333e-10,21.705360911777124,2.120726044744618,3,3,AncDHCH5,2,2.15
p193,1X010000,1010000,0.12736966824644547,0.11311947350429899,0.06530955847829577,-0.894933982374031,0.3857053552472384,0.22268709067987336,10010000,11010000,5.626666666666667e-9,7.166666666666667e-10,14.250738708315748,1.8151118615449557,3,3,AncDHCH5,2,2.15
p193,1X011000,1011000,0.13575418994413407,0.12279321024046233,0.07089469298698924,-0.867246757381581,0.39283070117073005,0.22680091106687042,10011000,11011000,6.563333333333333e-9,8.909999999999999e-10,16.623047699451245,2.2566483748417054,3,3,AncDHCH5,2,2.15
p193,1X100000,1100000,0.2879265091863517,0.23691710220459006,0.13678415273344616,-0.5407183481009081,0.3573543486729407,0.2063186294024057,10100000,11100000,1.27e-10,3.6566666666666664e-11,0.3216547066272689,0.0926129168425496,3,3,AncDHCH5,2,2.15
p193,1X101000,1101000,0.2755263157894736,0.2407371931821552,0.13898968328767225,-0.5598369149379679,0.37945861646033546,0.21908053435969763,10101000,11101000,1.2666666666666667e-10,3.49e-11,0.32081046855213174,0.08839172646686365,3,3,AncDHCH5,2,2.15
p193,1X110000,1110000,0.3645833333333333,0.3156886276056181,0.22322556932340729,-0.4382031886892928,0.3760507308856609,0.26590802187940826,10110000,11110000,4.8e-11,1.75e-11,0.12157028281975518,0.04432249894470241,3,2,AncDHCH5,2,2.15
p193,1X111000,1111000,0.6244585987261146,0.5737417074193272,0.3312499292238641,-0.20449634982919343,0.3990222219347645,0.2303755872466789,10111000,11111000,2.0933333333333333e-10,1.3072e-10,0.5301815111861545,0.3310764035457999,3,5,AncDHCH5,2,2.15
p258,00X00000,0000000,1.1642043056141833,1.1045797965172335,0.6377294428606468,0.06602920111706591,0.4120521699979246,0.2378984312684712,00000000,00100000,3.948333333333333e-10,4.596666666666667e-10,1,1.1642043056141833,6,3,AncDHCH5,3,3.15
p258,00X01000,0001000,0.09948320413436694,0.07763446114710663,0.04482227704167356,-1.0022502355104106,0.33891367266560907,0.19567190014553412,00001000,00101000,3.87e-9,3.85e-10,9.80160405234276,0.975094976783453,3,3,AncDHCH5,3,3.15
p258,00X10000,0010000,0.22743142144638404,0.1996606185992805,0.11527411189486181,-0.6431495342917661,0.38126440207603035,0.22012310517101785,00010000,00110000,5.346666666666667e-10,1.216e-10,1.3541578725200507,0.30797804981004645,3,3,AncDHCH5,3,3.15
p258,00X11000,0011000,0.03798165137614679,0.029770098116837486,0.017187774161557694,-1.4204261568197247,0.34040092701131375,0.19653056684238013,00011000,00111000,3.6333333333333336e-9,1.3800000000000001e-10,9.202195018995358,0.3495145631067962,3,3,AncDHCH5,3,3.15
p258,01X00000,0100000,0.19093264248704664,0.15893047492714366,0.09175855248162146,-0.7191198168127034,0.3615025035428621,0.2087135677331951,01000000,01100000,1.2866666666666666e-10,2.4566666666666667e-11,0.32587589700295483,0.06222034613761081,3,3,AncDHCH5,3,3.15
p258,01X01000,0101000,0.05531531531531532,0.043844575563975925,0.02531367750436639,-1.2571546076454898,0.34423481309439147,0.19874406200448744,01001000,01101000,5.55e-10,3.07e-11,1.4056563951034193,0.07775432672013509,3,3,AncDHCH5,3,3.15
p258,01X10000,0110000,0.06087962962962963,0.050725723073609966,0.029286509871387128,-1.2155279983251541,0.36185998100585504,0.2089199574426833,01010000,01110000,2.88e-10,1.753333333333333e-11,0.729421696918531,0.044406922752216124,3,3,AncDHCH5,3,3.15
p258,01X11000,0111000,0.021630901287553645,0.01733660767866662,0.010009295110113106,-1.6649253845804937,0.34807578980071124,0.2009616509398322,01011000,01111000,7.766666666666667e-10,1.68e-11,1.9670747150696497,0.04254959898691431,3,3,AncDHCH5,3,3.15
p258,10X00000,1000000,0.015240000000000002,0.01246197078966783,0.007194922190047975,-1.8170150329964183,0.3551289466924047,0.2050337929698881,10000000,10100000,8.333333333333334e-9,1.27e-10,21.105951878429718,0.3216547066272689,3,3,AncDHCH5,3,3.15
p258,10X01000,1001000,0.014780241151302996,0.012219147066446036,0.007054727848080245,-1.8303184800260504,0.3590407010412,0.20729224539616878,10001000,10101000,8.57e-9,1.2666666666666667e-10,21.705360911777124,0.32081046855213174,3,3,AncDHCH5,3,3.15
p258,10X10000,1010000,0.008530805687203791,0.007984212655275323,0.0046096873257904245,-2.0690099501943866,0.40646799677191475,0.23467440735323294,10010000,10110000,5.626666666666667e-9,4.8e-11,14.250738708315748,0.12157028281975518,3,3,AncDHCH5,3,3.15
p258,10X11000,1011000,0.03189436262061961,0.02932191688969116,0.016929016609419027,-1.4962860724009222,0.39926637993969233,0.2305165519365488,10011000,10111000,6.563333333333333e-9,2.0933333333333333e-10,16.623047699451245,0.5301815111861545,3,3,AncDHCH5,3,3.15
p258,11X00000,1100000,0.08563622170179547,0.06764077669827531,0.03905242063494462,-1.0673425021699752,0.3430326033533439,0.19804996588687124,11000000,11100000,4.27e-10,3.6566666666666664e-11,1.0814689742507388,0.0926129168425496,3,3,AncDHCH5,3,3.15
p258,11X01000,1101000,0.041679936305732475,0.03879781353877728,0.022399928090581972,-1.3800729533863163,0.40426348558226605,0.23340163222445773,11001000,11101000,8.373333333333333e-10,3.49e-11,2.120726044744618,0.08839172646686365,3,3,AncDHCH5,3,3.15
p258,11X10000,1110000,0.02441860465116279,0.019876202213005137,0.014054597369050995,-1.6122791565096484,0.3535060690656736,0.24996653862693782,11010000,11110000,7.166666666666667e-10,1.75e-11,1.8151118615449557,0.04432249894470241,3,2,AncDHCH5,3,3.15
p258,11X11000,1111000,0.14671156004489339,0.13262060511104948,0.07656854206095548,-0.8335356648485345,0.3925825406585181,0.22665763552834267,11011000,11111000,8.909999999999999e-10,1.3072e-10,2.2566483748417054,0.3310764035457999,3,5,AncDHCH5,3,3.15
p271,000X0000,0000000,1.3541578725200507,1.2857509734445702,0.7423286706290461,0.13166929888936083,0.4123555784744317,0.23807360423405705,00000000,00010000,3.948333333333333e-10,5.346666666666667e-10,1,1.3541578725200507,6,3,AncDHCH5,4,4.15
p271,000X1000,0001000,0.938845822566753,0.7341470871192056,0.42386001837305304,-0.027405721797950124,0.33960424723362637,0.1960706035582744,00001000,00011000,3.87e-9,3.6333333333333336e-9,9.80160405234276,9.202195018995358,3,3,AncDHCH5,4,4.15
p271,001X0000,0010000,0.26453952139231324,0.2320376896211026,0.13396702256488244,-0.5775094365194713,0.38093623087258094,0.21993363543836605,00100000,00110000,4.596666666666667e-10,1.216e-10,1.1642043056141833,0.30797804981004645,3,3,AncDHCH5,4,4.15
p271,001X1000,0011000,0.35844155844155845,0.280378622624439,0.16187667324723637,-0.44558164310726417,0.3397119719567378,0.19613279845616116,00101000,00111000,3.85e-10,1.3800000000000001e-10,0.975094976783453,0.3495145631067962,3,3,AncDHCH5,4,4.15
p271,010X0000,0100000,2.238341968911917,1.8826273844849064,1.0869354272161218,0.34992643780713834,0.3652769308342988,0.21089273434594272,01000000,01010000,1.2866666666666666e-10,2.88e-10,0.32587589700295483,0.729421696918531,3,3,AncDHCH5,4,4.15
p271,010X1000,0101000,1.3993993993993992,1.121673831939913,0.6475986888134679,0.14594168318368023,0.34810416233982333,0.2009780318329262,01001000,01011000,5.55e-10,7.766666666666667e-10,1.4056563951034193,1.9670747150696497,3,3,AncDHCH5,4,4.15
p271,011X0000,0110000,0.7137042062415196,0.5884059550091768,0.3397163365173271,-0.14648174370531242,0.358049535290286,0.20671999558306703,01100000,01110000,2.4566666666666667e-11,1.753333333333333e-11,0.06222034613761081,0.044406922752216124,3,3,AncDHCH5,4,4.15
p271,011X1000,0111000,0.5472312703583061,0.43371574137393537,0.2504059000340197,-0.2618290937513237,0.344206121609145,0.1987274969677569,01101000,01111000,3.07e-11,1.68e-11,0.07775432672013509,0.04254959898691431,3,3,AncDHCH5,4,4.15
p271,100X0000,1000000,0.6752000000000001,0.5835037928889419,0.3368860718975983,-0.17056756638240128,0.3753146881239416,0.21668803621917812,10000000,10010000,8.333333333333334e-9,5.626666666666667e-9,21.105951878429718,14.250738708315748,3,3,AncDHCH5,4,4.15
p271,100X1000,1001000,0.7658498638661998,0.7190731506865896,0.41515707711593486,-0.11585636050474246,0.40776856687217594,0.2354252918507187,10001000,10011000,8.57e-9,6.563333333333333e-9,21.705360911777124,16.623047699451245,3,3,AncDHCH5,4,4.15
p271,101X0000,1010000,0.3779527559055118,0.3375830236895208,0.19490364960099266,-0.42256248358036963,0.38790680073576767,0.223958095825282,10100000,10110000,1.27e-10,4.8e-11,0.3216547066272689,0.12157028281975518,3,3,AncDHCH5,4,4.15
p271,101X1000,1011000,1.6526315789473682,1.3294078808515775,0.7675339978724682,0.2181760471203859,0.34935463790440063,0.20169999423674995,10101000,10111000,1.2666666666666667e-10,2.0933333333333333e-10,0.32081046855213174,0.5301815111861545,3,3,AncDHCH5,4,4.15
p271,110X0000,1100000,1.6783762685402028,1.360830854959062,0.7856760604321631,0.224889330170919,0.3521268396069725,0.20330052563597775,11000000,11010000,4.27e-10,7.166666666666667e-10,1.0814689742507388,1.8151118615449557,3,3,AncDHCH5,4,4.15
p271,110X1000,1101000,1.0640923566878981,0.9048738466265245,0.5224291589324761,0.02697932369137873,0.36931166353987055,0.2132221883596128,11001000,11011000,8.373333333333333e-10,8.909999999999999e-10,2.120726044744618,2.2566483748417054,3,3,AncDHCH5,4,4.15
p271,111X0000,1110000,0.4785779398359161,0.37957040797544844,0.26839680941718397,-0.32004732416875425,0.3444482496080402,0.2435616930656818,11100000,11110000,3.6566666666666664e-11,1.75e-11,0.0926129168425496,0.04432249894470241,3,2,AncDHCH5,4,4.15
p271,111X1000,1111000,3.745558739255015,3.670812086696236,2.119344346398604,0.5735166122291604,0.4256276684831867,0.24573624897332066,11101000,11111000,3.49e-11,1.3072e-10,0.08839172646686365,0.3310764035457999,3,5,AncDHCH5,4,4.15
p273,0000X000,0000000,9.80160405234276,9.298960529695588,5.368757365003453,0.99129715467979,0.4120230958031468,0.23788164527428976,00000000,00001000,3.948333333333333e-10,3.87e-9,1,9.80160405234276,6,3,AncDHCH5,5,5.15
p273,0001X000,0001000,6.795511221945138,5.320180754976651,3.071607791023236,0.832222133992479,0.34000755339093885,0.19630345247676462,00010000,00011000,5.346666666666667e-10,3.6333333333333336e-9,1.3541578725200507,9.202195018995358,3,3,AncDHCH5,5,5.15
p273,0010X000,0010000,0.8375634517766497,0.6536838973852691,0.37740457412030887,-0.07698228194768666,0.3389490180609483,0.19569230681904784,00100000,00101000,4.596666666666667e-10,3.85e-10,1.1642043056141833,0.975094976783453,3,3,AncDHCH5,5,5.15
p273,0011X000,0011000,1.1348684210526316,0.9972106813946743,0.5757398553419854,0.054945511464520404,0.3816152500066822,0.22032566731822434,00110000,00111000,1.216e-10,1.3800000000000001e-10,0.30797804981004645,0.3495145631067962,3,3,AncDHCH5,5,5.15
p273,0100X000,0100000,4.313471502590674,3.5036301322877126,2.022821800017195,0.6348269331705837,0.3527569921740842,0.20366434439023023,01000000,01001000,1.2866666666666666e-10,5.55e-10,0.32587589700295483,1.4056563951034193,3,3,AncDHCH5,5,5.15
p273,0101X000,0101000,2.6967592592592595,2.240304552542299,1.2934404364770407,0.43084217854712575,0.36078559908944285,0.20829966275403028,01010000,01011000,2.88e-10,7.766666666666667e-10,0.729421696918531,1.9670747150696497,3,3,AncDHCH5,5,5.15
p273,0110X000,0110000,1.24966078697422,1.0162907243242976,0.586755723263553,0.09679214233779751,0.3531914085679049,0.20391515481214298,01100000,01101000,2.4566666666666667e-11,3.07e-11,0.06222034613761081,0.07775432672013509,3,3,AncDHCH5,5,5.15
p273,0111X000,0111000,0.9581749049429658,0.7704090621842421,0.4447958794381993,-0.018555207708213783,0.349189279315128,0.20160452441072058,01110000,01111000,1.753333333333333e-11,1.68e-11,0.044406922752216124,0.04254959898691431,3,3,AncDHCH5,5,5.15
p273,1000X000,1000000,1.0284000000000002,0.8539421782789541,0.4930237465017296,0.012162067970823079,0.3606207466851348,0.20820448517402643,10000000,10001000,8.333333333333334e-9,8.57e-9,21.105951878429718,21.705360911777124,3,3,AncDHCH5,5,5.15
p273,1001X000,1001000,1.166469194312796,1.1302766370971578,0.652565520686789,0.0668732738484819,0.42081943433118146,0.24296021369133367,10010000,10011000,5.626666666666667e-9,6.563333333333333e-9,14.250738708315748,16.623047699451245,3,3,AncDHCH5,5,5.15
p273,1010X000,1010000,0.9973753280839895,0.8118833787460612,0.4687410872696213,-0.0011413790588091267,0.35352435678927263,0.20410738255737587,10100000,10101000,1.27e-10,1.2666666666666667e-10,0.3216547066272689,0.32081046855213174,3,3,AncDHCH5,5,5.15
p273,1011X000,1011000,4.361111111111111,3.8571721510733257,2.2269393797329124,0.6395971516419464,0.3841105026409776,0.2217663020983309,10110000,10111000,4.8e-11,2.0933333333333333e-10,0.12157028281975518,0.5301815111861545,3,3,AncDHCH5,5,5.15
p273,1100X000,1100000,1.960967993754879,1.6552659555558047,0.955668245020567,0.2924705053204722,0.36659082293520506,0.2116513103040871,11000000,11001000,4.27e-10,8.373333333333333e-10,1.0814689742507388,2.120726044744618,3,3,AncDHCH5,5,5.15
p273,1101X000,1101000,1.2432558139534884,1.0161407085838512,0.5866691116354236,0.0945604988409319,0.35495856735381126,0.20493542441288687,11010000,11011000,7.166666666666667e-10,8.909999999999999e-10,1.8151118615449557,2.2566483748417054,3,3,AncDHCH5,5,5.15
p273,1110X000,1110000,0.9544211485870555,0.8417591063742159,0.4859898466579724,-0.020259945895868842,0.3830293739103891,0.22114211213469698,11100000,11101000,3.6566666666666664e-11,3.49e-11,0.0926129168425496,0.08839172646686365,3,3,AncDHCH5,5,5.15
p273,1111X000,1111000,7.469714285714286,6.729703623400323,4.758619067482048,0.8733039905020459,0.391269737595807,0.2766694847270762,11110000,11111000,1.75e-11,1.3072e-10,0.04432249894470241,0.3310764035457999,2,5,AncDHCH5,5,5.15
