geno,type,mean_activity
00000,AncDHCH2,4.810966440042345e-16
00000,+282,-0.03588462161779955
00000,+297,0.1945231557572266
00000,+300,-0.7948088874750722
00000,+282|297,-0.16530299386482974
00000,+282|300,-0.14468610960216802
00000,+297|300,0.2152320153357934
00000,+282|297|300,-0.463001134471171
00000,AncDHCH5,-0.01991468469559769
10000,AncDHCH2,2.1496352439940427
10000,+282,1.6715786830661765
10000,+297,2.0852319409845532
10000,+300,2.064490662722954
10000,+282|297,1.1441454014175652
10000,+282|300,1.2771815346186866
10000,+297|300,1.9588238096239803
10000,+282|297|300,0.8915769478715306
10000,AncDHCH5,1.3671243735990448
01000,AncDHCH2,0.6124207752803338
01000,+282,-0.12221502006022196
01000,+297,0.16504763475811104
01000,+300,0.37717801026464254
01000,+282|297,-0.3784402110095832
01000,+282|300,-0.8059598402654634
01000,+297|300,0.3710019042534813
01000,+282|297|300,-1.0488510409364284
01000,AncDHCH5,-0.4496909932710196
00100,AncDHCH2,1.4880415936740838
00100,+282,1.419472168019782
00100,+297,1.0857119559170414
00100,+300,1.7079822847935462
00100,+282|297,-0.4806755159836573
00100,+282|300,-0.26040645774403143
00100,+297|300,1.4732758496930407
00100,+282|297|300,-0.8096080098065114
00100,AncDHCH5,0.10953663095158699
00010,AncDHCH2,0.8072096536348733
00010,+282,1.1085273178434114
00010,+297,0.9358318040994185
00010,+300,-0.09159381009870356
00010,+282|297,0.9510898023197166
00010,+282|300,0.08743407987467164
00010,+297|300,0.2623962622975444
00010,+282|297|300,-0.21740742722781192
00010,AncDHCH5,0.174933492323742
00001,AncDHCH2,0.41819194640324636
00001,+282,1.1323848151162637
00001,+297,1.4136902652174115
00001,+300,0.7751409578985561
00001,+282|297,0.697579046300198
00001,+282|300,0.6773871117853757
00001,+297|300,0.79888370680513
00001,+282|297|300,0.3867777155707189
00001,AncDHCH5,1.034826098256816
11000,AncDHCH2,2.2378473273436748
11000,+282,1.4732896303169152
11000,+297,2.1015773309737873
11000,+300,2.0636200251838477
11000,+282|297,1.549782515199987
11000,+282|300,0.9191833962605026
11000,+297|300,1.9577898281482036
11000,+282|297|300,0.4485410764291622
11000,AncDHCH5,0.0773702041836722
10100,AncDHCH2,2.4819170851303065
10100,+282,2.0293370539874296
10100,+297,2.770670551321899
10100,+300,2.633381428813028
10100,+282|297,1.5518242865414607
10100,+282|300,-0.2767339212330455
10100,+297|300,2.0862450874963483
10100,+282|297|300,-0.9432954726258469
10100,AncDHCH5,-0.4563547915292254
10010,AncDHCH2,2.289148265264924
10010,+282,1.876121583855954
10010,+297,2.842238112728658
10010,+300,1.6654891262903941
10010,+282|297,1.782183553226588
10010,+282|300,1.1553443923322912
10010,+297|300,1.8218688926736988
10010,+282|297|300,0.6133704435868008
10010,AncDHCH5,1.1741895671935605
10001,AncDHCH2,2.2798744149689685
10001,+282,2.5961469127143446
10001,+297,2.791892237107987
10001,+300,2.3870278260522313
10001,+282|297,2.555258032929825
10001,+282|300,1.1699289746590111
10001,+297|300,1.911006680273908
10001,+282|297|300,-0.8965043769268561
10001,AncDHCH5,1.3677656170340997
01100,AncDHCH2,1.2872645205347208
01100,+282,0.3291030210360173
01100,+297,1.2598495092713222
01100,+300,1.1939829298539035
01100,+282|297,-0.33217081807341664
01100,+282|300,-1.1105360789929175
01100,+297|300,0.6677584182077604
01100,+282|297|300,-1.1763630765448188
01100,AncDHCH5,-1.1677215580942917
01010,AncDHCH2,0.7974048754671875
01010,+282,0.5717556203265838
01010,+297,0.843484603164459
01010,+300,0.4748403529376457
01010,+282|297,0.4885012704289687
01010,+282|300,-0.4031968860797625
01010,+297|300,0.4634114003292069
01010,+282|297|300,-1.5932106748020172
01010,AncDHCH5,-0.10053834885613651
01001,AncDHCH2,0.9660936142585843
01001,+282,0.3678945290900568
01001,+297,0.7283123541778256
01001,+300,0.8102897172426881
01001,+282|297,0.2680586525003328
01001,+282|300,-0.1733501024609095
01001,+297|300,0.7971007784794489
01001,+282|297|300,-0.3870020599278104
01001,AncDHCH5,0.19073389865025625
00110,AncDHCH2,1.103819949300341
00110,+282,0.7417741078484278
00110,+297,1.078729765573638
00110,+300,1.1713708000353353
00110,+282|297,-0.09032763801207899
00110,+282|300,-0.06580870244017827
00110,+297|300,1.0868811122249902
00110,+282|297|300,-0.7805655313233354
00110,AncDHCH5,-0.4976550570605654
00101,AncDHCH2,1.8337212236906792
00101,+282,0.8256491543438008
00101,+297,1.1398693926449823
00101,+300,1.8528994519289148
00101,+282|297,0.6362774817788951
00101,+282|300,-0.33229682056723203
00101,+297|300,1.5911259994912808
00101,+282|297|300,-0.9917490073907326
00101,AncDHCH5,0.03255982458657828
00011,AncDHCH2,0.5761444718922171
00011,+282,1.2150415632314715
00011,+297,1.2644274896694672
00011,+300,1.3628724951036286
00011,+282|297,1.3051867823036847
00011,+282|300,0.8281873986890519
00011,+297|300,1.3398218794085288
00011,+282|297|300,0.4425733797910609
00011,AncDHCH5,1.0070143281032042
11100,AncDHCH2,2.8289837971506064
11100,+282,1.5025865027885075
11100,+297,2.597399290505655
11100,+300,1.7463819304649373
11100,+282|297,1.087116732188451
11100,+282|300,-0.7638892779628913
11100,+297|300,0.9752243639911183
11100,+282|297|300,-0.9185113593001653
11100,AncDHCH5,-0.9918358174019731
11010,AncDHCH2,2.262834916449061
11010,+282,1.635335814606701
11010,+297,2.1288558851157626
11010,+300,1.9564163595953585
11010,+282|297,1.47419053415236
11010,+282|300,0.591602895182581
11010,+297|300,1.7425306930105806
11010,+282|297|300,-0.6724070371076394
11010,AncDHCH5,0.2958878000336256
11001,AncDHCH2,3.1990017806068516
11001,+282,3.039884175040528
11001,+297,3.36924076166221
11001,+300,2.9445190948128563
11001,+282|297,2.9942002527907614
11001,+282|300,0.6018162836615524
11001,+297|300,2.5267483073473866
11001,+282|297|300,0.39133235882315454
11001,AncDHCH5,0.35195678834421074
10110,AncDHCH2,2.7339624304080137
10110,+282,2.0406067246945536
10110,+297,2.2548236971576263
10110,+300,2.2341623028577016
10110,+282|297,1.530315155514824
10110,+282|300,-0.616454920168365
10110,+297|300,1.7223350952918395
10110,+282|297|300,-1.4401835740589763
10110,AncDHCH5,-0.8955932111882022
10101,AncDHCH2,3.114108369425931
10101,+282,2.0711907896488153
10101,+297,2.912469168325355
10101,+300,2.474826743218903
10101,+282|297,1.8213074252835073
10101,+282|300,-0.7006564276128895
10101,+297|300,1.4399365928879588
10101,+282|297|300,-1.1174060016578053
10101,AncDHCH5,-0.4501482358978066
10011,AncDHCH2,2.6937323955995316
10011,+282,2.3216759557755857
10011,+297,2.5844117679408627
10011,+300,2.0220815584049046
10011,+282|297,2.0617464598364337
10011,+282|300,0.7510359587954382
10011,+297|300,1.4925686043295097
10011,+282|297|300,-1.1051560036812524
10011,AncDHCH5,1.22657041327896
01110,AncDHCH2,0.7122937871617872
01110,+282,0.05017407303129021
01110,+297,1.157948164642877
01110,+300,0.8982880267937805
01110,+282|297,0.6672549668298308
01110,+282|300,-1.1389380474622246
01110,+297|300,0.9583201283460016
01110,+282|297|300,-1.562656093602855
01110,AncDHCH5,-1.3142425799486877
01101,AncDHCH2,1.3714776877195292
01101,+282,0.3347241014676931
01101,+297,1.119840731387539
01101,+300,1.0145505360078027
01101,+282|297,-0.019824657318910255
01101,+282|300,-1.1230930527713792
01101,+297|300,0.4347074767173768
01101,+282|297|300,-1.2850743514954193
01101,AncDHCH5,-1.0678520094923722
01011,AncDHCH2,1.013369092098164
01011,+282,0.8276435492861793
01011,+297,1.059137947765165
01011,+300,0.9439457805259543
01011,+282|297,0.6851275187237746
01011,+282|300,0.21553336365162146
01011,+297|300,0.7998615496113365
01011,+282|297|300,-0.05985296183328851
01011,AncDHCH5,0.3333837182717918
00111,AncDHCH2,1.219744815212944
00111,+282,0.2953290501863677
00111,+297,1.3473236991409951
00111,+300,1.3996832027726969
00111,+282|297,0.8152174136010965
00111,+282|300,-0.4200235818350535
00111,+297|300,-1.1463355846729684
00111,+282|297|300,-1.0282942769027308
00111,AncDHCH5,-0.4134541447390288
11110,AncDHCH2,2.684747083929533
11110,+282,0.9338091923505777
11110,+297,2.549257052455002
11110,+300,1.908460128010713
11110,+282|297,0.3566675059166755
11110,+282|300,1.2759106087795378
11110,+297|300,1.0132991740887711
11110,+282|297|300,-1.21086023774864
11110,AncDHCH5,-1.3102814488729813
11101,AncDHCH2,3.2323034034076077
11101,+282,2.4514334794452868
11101,+297,2.851198226820892
11101,+300,2.0586867456777456
11101,+282|297,2.0727729907361554
11101,+282|300,-0.1385580574967218
11101,+297|300,1.512274345383375
11101,+282|297|300,-0.9798037356653625
11101,AncDHCH5,-1.0329117649859327
11011,AncDHCH2,2.960806778034478
11011,+282,2.8550971061247483
11011,+297,3.0555184760309375
11011,+300,2.447356459182949
11011,+282|297,2.7382577230430414
11011,+282|300,1.0000255098801112
11011,+297|300,2.0950578138886993
11011,+282|297|300,-0.4531663610809484
11011,AncDHCH5,0.3954250151248579
10111,AncDHCH2,2.9719724697254986
10111,+282,1.9591307439905024
10111,+297,2.839525607844402
10111,+300,2.725293195159551
10111,+282|297,1.5955633682792285
10111,+282|300,-0.5837373602695818
10111,+297|300,2.229703428712758
10111,+282|297|300,-1.0537627488826928
10111,AncDHCH5,-0.2377190843318857
01111,AncDHCH2,0.7956641783146653
01111,+282,-0.006133516684326304
01111,+297,1.0743326433585938
01111,+300,0.7792939397767208
01111,+282|297,-0.12356492922695554
01111,+282|300,-1.463775453779391
01111,+297|300,0.897796767884671
01111,+282|297|300,-1.4936048161449635
01111,AncDHCH5,-1.3283229829110077
11111,AncDHCH2,3.238987035114458
11111,+282,1.5258741931517665
11111,+297,3.0701969595819727
11111,+300,2.5628417383317506
11111,+282|297,1.804544327218812
11111,+282|300,-0.15300227885932394
11111,+297|300,1.7279837908686655
11111,+282|297|300,-0.5147970751049282
11111,AncDHCH5,-0.4738315808137511
