p72,p193,p258,p271,p273,p282,p297,p300,exp1,exp2,exp3,exp4,exp5,exp6
0,0,0,0,0,0,0,0,6.04E-10,6.05E-10,5.57E-10,2.59E-10,1.64E-10,1.80E-10
1,0,0,0,0,0,0,0,9.30E-09,7.46E-09,8.24E-09,,,
0,1,0,0,0,0,0,0,1.18E-10,1.06E-10,1.62E-10,,,
0,0,1,0,0,0,0,0,4.26E-10,5.01E-10,4.52E-10,,,
0,0,0,1,0,0,0,0,5.72E-10,4.80E-10,5.52E-10,,,
0,0,0,0,1,0,0,0,4.22E-09,3.79E-09,3.60E-09,,,
1,1,0,0,0,0,0,0,4.59E-10,3.86E-10,4.36E-10,,,
1,0,1,0,0,0,0,0,1.63E-10,1.12E-10,1.06E-10,,,
1,0,0,1,0,0,0,0,3.28E-09,7.32E-09,6.28E-09,,,
1,0,0,0,1,0,0,0,1.06E-08,5.85E-09,9.26E-09,,,
0,1,1,0,0,0,0,0,3.05E-11,2.24E-11,2.08E-11,,,
0,1,0,1,0,0,0,0,3.69E-10,2.46E-10,2.49E-10,,,
0,1,0,0,1,0,0,0,6.24E-10,5.15E-10,5.26E-10,,,
0,0,1,1,0,0,0,0,1.57E-10,6.48E-11,1.43E-10,,,
0,0,1,0,1,0,0,0,3.53E-10,4.16E-10,3.86E-10,,,
0,0,0,1,1,0,0,0,3.72E-09,3.25E-09,3.93E-09,,,
1,1,1,0,0,0,0,0,3.62E-11,4.20E-11,3.15E-11,,,
1,1,0,1,0,0,0,0,5.84E-10,9.04E-10,6.62E-10,,,
1,1,0,0,1,0,0,0,5.18E-10,1.01E-09,9.84E-10,,,
1,0,1,1,0,0,0,0,5.45E-11,6.19E-11,2.76E-11,,,
1,0,1,0,1,0,0,0,1.19E-10,1.38E-10,1.23E-10,,,
1,0,0,1,1,0,0,0,3.20E-09,8.81E-09,7.68E-09,,,
0,1,1,1,0,0,0,0,1.88E-11,1.36E-11,2.02E-11,,,
0,1,1,0,1,0,0,0,3.52E-11,3.06E-11,2.63E-11,,,
0,1,0,1,1,0,0,0,9.39E-10,6.57E-10,7.34E-10,,,
0,0,1,1,1,0,0,0,1.24E-10,1.51E-10,1.39E-10,,,
1,1,1,1,0,0,0,0,1.61E-11,,1.89E-11,,,
1,1,1,0,1,0,0,0,4.99E-11,3.27E-11,2.21E-11,,,
1,1,0,1,1,0,0,0,8.20E-10,1.03E-09,8.23E-10,,,
1,0,1,1,1,0,0,0,2.55E-10,2.07E-10,1.66E-10,,,
0,1,1,1,1,0,0,0,1.85E-11,1.70E-11,1.49E-11,,,
1,1,1,1,1,0,0,0,1.22E-10,6.91E-11,7.95E-11,1.89E-10,,1.94E-10
